<annotation>
	<folder>cars_train</folder>
	<filename>00004.jpg</filename>
	<path>/home/xxx/car/cars_train/00004.jpg</path>
	<source>
		<database>Unknown</database>
	</source>
	<size>
		<width>2100</width>
		<height>1386</height>
		<depth>3</depth>
	</size>
	<segmented>0</segmented>
	<object>
		<name>h</name>
		<pose>Unspecified</pose>
		<truncated>0</truncated>
		<difficult>0</difficult>
		<bndbox>
			<xmin>591</xmin>
			<ymin>536</ymin>
			<xmax>1553</xmax>
			<ymax>1113</ymax>
		</bndbox>
	</object>
</annotation>
