<annotation>
	<folder>cars_train</folder>
	<filename>00006.jpg</filename>
	<path>/home/xxx/car/cars_train/00006.jpg</path>
	<source>
		<database>Unknown</database>
	</source>
	<size>
		<width>575</width>
		<height>431</height>
		<depth>3</depth>
	</size>
	<segmented>0</segmented>
	<object>
		<name>f</name>
		<pose>Unspecified</pose>
		<truncated>0</truncated>
		<difficult>0</difficult>
		<bndbox>
			<xmin>251</xmin>
			<ymin>338</ymin>
			<xmax>371</xmax>
			<ymax>410</ymax>
		</bndbox>
	</object>
	<object>
		<name>h</name>
		<pose>Unspecified</pose>
		<truncated>0</truncated>
		<difficult>0</difficult>
		<bndbox>
			<xmin>484</xmin>
			<ymin>298</ymin>
			<xmax>514</xmax>
			<ymax>369</ymax>
		</bndbox>
	</object>
</annotation>
