<annotation>
	<folder>cars_train</folder>
	<filename>00003.jpg</filename>
	<path>/home/xxx/car/cars_train/00003.jpg</path>
	<source>
		<database>Unknown</database>
	</source>
	<size>
		<width>640</width>
		<height>480</height>
		<depth>3</depth>
	</size>
	<segmented>0</segmented>
	<object>
		<name>f</name>
		<pose>Unspecified</pose>
		<truncated>0</truncated>
		<difficult>0</difficult>
		<bndbox>
			<xmin>70</xmin>
			<ymin>191</ymin>
			<xmax>344</xmax>
			<ymax>381</ymax>
		</bndbox>
	</object>
	<object>
		<name>h</name>
		<pose>Unspecified</pose>
		<truncated>0</truncated>
		<difficult>0</difficult>
		<bndbox>
			<xmin>552</xmin>
			<ymin>158</ymin>
			<xmax>611</xmax>
			<ymax>246</ymax>
		</bndbox>
	</object>
</annotation>
