<annotation>
	<folder>cars_train</folder>
	<filename>00009.jpg</filename>
	<path>/home/xxx/car/cars_train/00009.jpg</path>
	<source>
		<database>Unknown</database>
	</source>
	<size>
		<width>1280</width>
		<height>843</height>
		<depth>3</depth>
	</size>
	<segmented>0</segmented>
	<object>
		<name>f</name>
		<pose>Unspecified</pose>
		<truncated>1</truncated>
		<difficult>0</difficult>
		<bndbox>
			<xmin>637</xmin>
			<ymin>386</ymin>
			<xmax>1280</xmax>
			<ymax>693</ymax>
		</bndbox>
	</object>
	<object>
		<name>h</name>
		<pose>Unspecified</pose>
		<truncated>0</truncated>
		<difficult>0</difficult>
		<bndbox>
			<xmin>5</xmin>
			<ymin>236</ymin>
			<xmax>113</xmax>
			<ymax>410</ymax>
		</bndbox>
	</object>
</annotation>
