<annotation>
	<folder>cars_train</folder>
	<filename>00008.jpg</filename>
	<path>/home/xxx/car/cars_train/00008.jpg</path>
	<source>
		<database>Unknown</database>
	</source>
	<size>
		<width>639</width>
		<height>480</height>
		<depth>3</depth>
	</size>
	<segmented>0</segmented>
	<object>
		<name>h</name>
		<pose>Unspecified</pose>
		<truncated>0</truncated>
		<difficult>0</difficult>
		<bndbox>
			<xmin>241</xmin>
			<ymin>161</ymin>
			<xmax>604</xmax>
			<ymax>391</ymax>
		</bndbox>
	</object>
	<object>
		<name>h</name>
		<pose>Unspecified</pose>
		<truncated>1</truncated>
		<difficult>0</difficult>
		<bndbox>
			<xmin>1</xmin>
			<ymin>116</ymin>
			<xmax>124</xmax>
			<ymax>200</ymax>
		</bndbox>
	</object>
</annotation>
