<annotation>
	<folder>cars_train</folder>
	<filename>00015.jpg</filename>
	<path>/home/xxx/car/cars_train/00015.jpg</path>
	<source>
		<database>Unknown</database>
	</source>
	<size>
		<width>640</width>
		<height>424</height>
		<depth>3</depth>
	</size>
	<segmented>0</segmented>
	<object>
		<name>f</name>
		<pose>Unspecified</pose>
		<truncated>0</truncated>
		<difficult>0</difficult>
		<bndbox>
			<xmin>26</xmin>
			<ymin>172</ymin>
			<xmax>264</xmax>
			<ymax>385</ymax>
		</bndbox>
	</object>
</annotation>
