<annotation>
	<folder>cars_train</folder>
	<filename>00011.jpg</filename>
	<path>/home/xxx/car/cars_train/00011.jpg</path>
	<source>
		<database>Unknown</database>
	</source>
	<size>
		<width>640</width>
		<height>424</height>
		<depth>3</depth>
	</size>
	<segmented>0</segmented>
	<object>
		<name>h</name>
		<pose>Unspecified</pose>
		<truncated>0</truncated>
		<difficult>0</difficult>
		<bndbox>
			<xmin>50</xmin>
			<ymin>151</ymin>
			<xmax>442</xmax>
			<ymax>393</ymax>
		</bndbox>
	</object>
</annotation>
