<annotation>
	<folder>cars_train</folder>
	<filename>00010.jpg</filename>
	<path>/home/xxx/car/cars_train/00010.jpg</path>
	<source>
		<database>Unknown</database>
	</source>
	<size>
		<width>640</width>
		<height>480</height>
		<depth>3</depth>
	</size>
	<segmented>0</segmented>
	<object>
		<name>f</name>
		<pose>Unspecified</pose>
		<truncated>0</truncated>
		<difficult>0</difficult>
		<bndbox>
			<xmin>29</xmin>
			<ymin>176</ymin>
			<xmax>295</xmax>
			<ymax>393</ymax>
		</bndbox>
	</object>
	<object>
		<name>h</name>
		<pose>Unspecified</pose>
		<truncated>0</truncated>
		<difficult>0</difficult>
		<bndbox>
			<xmin>589</xmin>
			<ymin>178</ymin>
			<xmax>630</xmax>
			<ymax>331</ymax>
		</bndbox>
	</object>
</annotation>
