<annotation>
	<folder>cars_train</folder>
	<filename>00012.jpg</filename>
	<path>/home/xxx/car/cars_train/00012.jpg</path>
	<source>
		<database>Unknown</database>
	</source>
	<size>
		<width>500</width>
		<height>315</height>
		<depth>3</depth>
	</size>
	<segmented>0</segmented>
	<object>
		<name>f</name>
		<pose>Unspecified</pose>
		<truncated>1</truncated>
		<difficult>0</difficult>
		<bndbox>
			<xmin>1</xmin>
			<ymin>105</ymin>
			<xmax>202</xmax>
			<ymax>272</ymax>
		</bndbox>
	</object>
	<object>
		<name>h</name>
		<pose>Unspecified</pose>
		<truncated>1</truncated>
		<difficult>0</difficult>
		<bndbox>
			<xmin>451</xmin>
			<ymin>86</ymin>
			<xmax>500</xmax>
			<ymax>236</ymax>
		</bndbox>
	</object>
</annotation>
