<annotation>
	<folder>cars_train</folder>
	<filename>00014.jpg</filename>
	<path>/home/xxx/car/cars_train/00014.jpg</path>
	<source>
		<database>Unknown</database>
	</source>
	<size>
		<width>800</width>
		<height>600</height>
		<depth>3</depth>
	</size>
	<segmented>0</segmented>
	<object>
		<name>h</name>
		<pose>Unspecified</pose>
		<truncated>0</truncated>
		<difficult>0</difficult>
		<bndbox>
			<xmin>24</xmin>
			<ymin>273</ymin>
			<xmax>212</xmax>
			<ymax>538</ymax>
		</bndbox>
	</object>
	<object>
		<name>f</name>
		<pose>Unspecified</pose>
		<truncated>0</truncated>
		<difficult>0</difficult>
		<bndbox>
			<xmin>712</xmin>
			<ymin>364</ymin>
			<xmax>797</xmax>
			<ymax>510</ymax>
		</bndbox>
	</object>
</annotation>
