<annotation>
	<folder>cars_train</folder>
	<filename>00019.jpg</filename>
	<path>/home/xxx/car/cars_train/00019.jpg</path>
	<source>
		<database>Unknown</database>
	</source>
	<size>
		<width>1500</width>
		<height>938</height>
		<depth>3</depth>
	</size>
	<segmented>0</segmented>
	<object>
		<name>f</name>
		<pose>Unspecified</pose>
		<truncated>0</truncated>
		<difficult>0</difficult>
		<bndbox>
			<xmin>220</xmin>
			<ymin>470</ymin>
			<xmax>415</xmax>
			<ymax>641</ymax>
		</bndbox>
	</object>
</annotation>
