<annotation>
	<folder>cars_train</folder>
	<filename>00013.jpg</filename>
	<path>/home/xxx/car/cars_train/00013.jpg</path>
	<source>
		<database>Unknown</database>
	</source>
	<size>
		<width>500</width>
		<height>335</height>
		<depth>3</depth>
	</size>
	<segmented>0</segmented>
	<object>
		<name>f</name>
		<pose>Unspecified</pose>
		<truncated>0</truncated>
		<difficult>0</difficult>
		<bndbox>
			<xmin>25</xmin>
			<ymin>134</ymin>
			<xmax>282</xmax>
			<ymax>323</ymax>
		</bndbox>
	</object>
</annotation>
