<annotation>
	<folder>cars_train</folder>
	<filename>00029.jpg</filename>
	<path>/home/xxx/car/cars_train/00029.jpg</path>
	<source>
		<database>Unknown</database>
	</source>
	<size>
		<width>1600</width>
		<height>1200</height>
		<depth>3</depth>
	</size>
	<segmented>0</segmented>
	<object>
		<name>f</name>
		<pose>Unspecified</pose>
		<truncated>0</truncated>
		<difficult>0</difficult>
		<bndbox>
			<xmin>512</xmin>
			<ymin>531</ymin>
			<xmax>1568</xmax>
			<ymax>1159</ymax>
		</bndbox>
	</object>
</annotation>
