<annotation>
	<folder>cars_train</folder>
	<filename>00026.jpg</filename>
	<path>/home/xxx/car/cars_train/00026.jpg</path>
	<source>
		<database>Unknown</database>
	</source>
	<size>
		<width>628</width>
		<height>417</height>
		<depth>3</depth>
	</size>
	<segmented>0</segmented>
	<object>
		<name>f</name>
		<pose>Unspecified</pose>
		<truncated>0</truncated>
		<difficult>0</difficult>
		<bndbox>
			<xmin>394</xmin>
			<ymin>210</ymin>
			<xmax>607</xmax>
			<ymax>403</ymax>
		</bndbox>
	</object>
</annotation>
