<annotation>
	<folder>cars_train</folder>
	<filename>00022.jpg</filename>
	<path>/home/xxx/car/cars_train/00022.jpg</path>
	<source>
		<database>Unknown</database>
	</source>
	<size>
		<width>2100</width>
		<height>1386</height>
		<depth>3</depth>
	</size>
	<segmented>0</segmented>
	<object>
		<name>f</name>
		<pose>Unspecified</pose>
		<truncated>0</truncated>
		<difficult>0</difficult>
		<bndbox>
			<xmin>142</xmin>
			<ymin>670</ymin>
			<xmax>457</xmax>
			<ymax>971</ymax>
		</bndbox>
	</object>
</annotation>
