<annotation>
	<folder>cars_train</folder>
	<filename>00027.jpg</filename>
	<path>/home/xxx/car/cars_train/00027.jpg</path>
	<source>
		<database>Unknown</database>
	</source>
	<size>
		<width>630</width>
		<height>418</height>
		<depth>3</depth>
	</size>
	<segmented>0</segmented>
	<object>
		<name>f</name>
		<pose>Unspecified</pose>
		<truncated>0</truncated>
		<difficult>0</difficult>
		<bndbox>
			<xmin>59</xmin>
			<ymin>201</ymin>
			<xmax>351</xmax>
			<ymax>344</ymax>
		</bndbox>
	</object>
</annotation>
