<annotation>
	<folder>cars_train</folder>
	<filename>00025.jpg</filename>
	<path>/home/xxx/car/cars_train/00025.jpg</path>
	<source>
		<database>Unknown</database>
	</source>
	<size>
		<width>604</width>
		<height>453</height>
		<depth>3</depth>
	</size>
	<segmented>0</segmented>
	<object>
		<name>f</name>
		<pose>Unspecified</pose>
		<truncated>0</truncated>
		<difficult>0</difficult>
		<bndbox>
			<xmin>35</xmin>
			<ymin>172</ymin>
			<xmax>276</xmax>
			<ymax>373</ymax>
		</bndbox>
	</object>
</annotation>
