<annotation>
	<folder>cars_train</folder>
	<filename>00020.jpg</filename>
	<path>/home/xxx/car/cars_train/00020.jpg</path>
	<source>
		<database>Unknown</database>
	</source>
	<size>
		<width>1000</width>
		<height>650</height>
		<depth>3</depth>
	</size>
	<segmented>0</segmented>
	<object>
		<name>f</name>
		<pose>Unspecified</pose>
		<truncated>0</truncated>
		<difficult>0</difficult>
		<bndbox>
			<xmin>621</xmin>
			<ymin>344</ymin>
			<xmax>977</xmax>
			<ymax>635</ymax>
		</bndbox>
	</object>
</annotation>
