<annotation>
	<folder>cars_train</folder>
	<filename>00028.jpg</filename>
	<path>/home/xxx/car/cars_train/00028.jpg</path>
	<source>
		<database>Unknown</database>
	</source>
	<size>
		<width>620</width>
		<height>412</height>
		<depth>3</depth>
	</size>
	<segmented>0</segmented>
	<object>
		<name>f</name>
		<pose>Unspecified</pose>
		<truncated>0</truncated>
		<difficult>0</difficult>
		<bndbox>
			<xmin>48</xmin>
			<ymin>158</ymin>
			<xmax>291</xmax>
			<ymax>373</ymax>
		</bndbox>
	</object>
</annotation>
