<annotation>
	<folder>cars_train</folder>
	<filename>00023.jpg</filename>
	<path>/home/xxx/car/cars_train/00023.jpg</path>
	<source>
		<database>Unknown</database>
	</source>
	<size>
		<width>500</width>
		<height>270</height>
		<depth>3</depth>
	</size>
	<segmented>0</segmented>
	<object>
		<name>f</name>
		<pose>Unspecified</pose>
		<truncated>0</truncated>
		<difficult>0</difficult>
		<bndbox>
			<xmin>265</xmin>
			<ymin>73</ymin>
			<xmax>461</xmax>
			<ymax>255</ymax>
		</bndbox>
	</object>
</annotation>
