<annotation>
	<folder>cars_train</folder>
	<filename>00036.jpg</filename>
	<path>/home/xxx/car/cars_train/00036.jpg</path>
	<source>
		<database>Unknown</database>
	</source>
	<size>
		<width>580</width>
		<height>250</height>
		<depth>3</depth>
	</size>
	<segmented>0</segmented>
	<object>
		<name>f</name>
		<pose>Unspecified</pose>
		<truncated>0</truncated>
		<difficult>0</difficult>
		<bndbox>
			<xmin>117</xmin>
			<ymin>119</ymin>
			<xmax>494</xmax>
			<ymax>232</ymax>
		</bndbox>
	</object>
</annotation>
