<annotation>
	<folder>cars_train</folder>
	<filename>00031.jpg</filename>
	<path>/home/xxx/car/cars_train/00031.jpg</path>
	<source>
		<database>Unknown</database>
	</source>
	<size>
		<width>1024</width>
		<height>768</height>
		<depth>3</depth>
	</size>
	<segmented>0</segmented>
	<object>
		<name>f</name>
		<pose>Unspecified</pose>
		<truncated>0</truncated>
		<difficult>0</difficult>
		<bndbox>
			<xmin>34</xmin>
			<ymin>351</ymin>
			<xmax>340</xmax>
			<ymax>574</ymax>
		</bndbox>
	</object>
</annotation>
