<annotation>
	<folder>cars_train</folder>
	<filename>00037.jpg</filename>
	<path>/home/xxx/car/cars_train/00037.jpg</path>
	<source>
		<database>Unknown</database>
	</source>
	<size>
		<width>640</width>
		<height>425</height>
		<depth>3</depth>
	</size>
	<segmented>0</segmented>
	<object>
		<name>f</name>
		<pose>Unspecified</pose>
		<truncated>0</truncated>
		<difficult>0</difficult>
		<bndbox>
			<xmin>22</xmin>
			<ymin>168</ymin>
			<xmax>282</xmax>
			<ymax>365</ymax>
		</bndbox>
	</object>
	<object>
		<name>h</name>
		<pose>Unspecified</pose>
		<truncated>0</truncated>
		<difficult>0</difficult>
		<bndbox>
			<xmin>505</xmin>
			<ymin>104</ymin>
			<xmax>629</xmax>
			<ymax>249</ymax>
		</bndbox>
	</object>
</annotation>
