<annotation>
	<folder>cars_train</folder>
	<filename>00035.jpg</filename>
	<path>/home/xxx/car/cars_train/00035.jpg</path>
	<source>
		<database>Unknown</database>
	</source>
	<size>
		<width>1258</width>
		<height>816</height>
		<depth>3</depth>
	</size>
	<segmented>0</segmented>
	<object>
		<name>f</name>
		<pose>Unspecified</pose>
		<truncated>0</truncated>
		<difficult>0</difficult>
		<bndbox>
			<xmin>161</xmin>
			<ymin>96</ymin>
			<xmax>1226</xmax>
			<ymax>699</ymax>
		</bndbox>
	</object>
</annotation>
