<annotation>
	<folder>cars_train</folder>
	<filename>00030.jpg</filename>
	<path>/home/xxx/car/cars_train/00030.jpg</path>
	<source>
		<database>Unknown</database>
	</source>
	<size>
		<width>896</width>
		<height>592</height>
		<depth>3</depth>
	</size>
	<segmented>0</segmented>
	<object>
		<name>f</name>
		<pose>Unspecified</pose>
		<truncated>0</truncated>
		<difficult>0</difficult>
		<bndbox>
			<xmin>441</xmin>
			<ymin>260</ymin>
			<xmax>885</xmax>
			<ymax>567</ymax>
		</bndbox>
	</object>
</annotation>
