<annotation>
	<folder>cars_train</folder>
	<filename>00038.jpg</filename>
	<path>/home/xxx/car/cars_train/00038.jpg</path>
	<source>
		<database>Unknown</database>
	</source>
	<size>
		<width>480</width>
		<height>360</height>
		<depth>3</depth>
	</size>
	<segmented>0</segmented>
	<object>
		<name>f</name>
		<pose>Unspecified</pose>
		<truncated>0</truncated>
		<difficult>0</difficult>
		<bndbox>
			<xmin>8</xmin>
			<ymin>152</ymin>
			<xmax>272</xmax>
			<ymax>341</ymax>
		</bndbox>
	</object>
	<object>
		<name>h</name>
		<pose>Unspecified</pose>
		<truncated>0</truncated>
		<difficult>0</difficult>
		<bndbox>
			<xmin>399</xmin>
			<ymin>111</ymin>
			<xmax>468</xmax>
			<ymax>215</ymax>
		</bndbox>
	</object>
</annotation>
