<annotation>
	<folder>cars_train</folder>
	<filename>00032.jpg</filename>
	<path>/home/xxx/car/cars_train/00032.jpg</path>
	<source>
		<database>Unknown</database>
	</source>
	<size>
		<width>500</width>
		<height>375</height>
		<depth>3</depth>
	</size>
	<segmented>0</segmented>
	<object>
		<name>f</name>
		<pose>Unspecified</pose>
		<truncated>0</truncated>
		<difficult>0</difficult>
		<bndbox>
			<xmin>6</xmin>
			<ymin>141</ymin>
			<xmax>365</xmax>
			<ymax>358</ymax>
		</bndbox>
	</object>
</annotation>
