<annotation>
	<folder>cars_train</folder>
	<filename>00047.jpg</filename>
	<path>/home/xxx/car/cars_train/00047.jpg</path>
	<source>
		<database>Unknown</database>
	</source>
	<size>
		<width>1600</width>
		<height>1200</height>
		<depth>3</depth>
	</size>
	<segmented>0</segmented>
	<object>
		<name>f</name>
		<pose>Unspecified</pose>
		<truncated>0</truncated>
		<difficult>0</difficult>
		<bndbox>
			<xmin>76</xmin>
			<ymin>409</ymin>
			<xmax>1046</xmax>
			<ymax>994</ymax>
		</bndbox>
	</object>
</annotation>
