<annotation>
	<folder>cars_train</folder>
	<filename>00044.jpg</filename>
	<path>/home/xxx/car/cars_train/00044.jpg</path>
	<source>
		<database>Unknown</database>
	</source>
	<size>
		<width>659</width>
		<height>439</height>
		<depth>3</depth>
	</size>
	<segmented>0</segmented>
	<object>
		<name>f</name>
		<pose>Unspecified</pose>
		<truncated>0</truncated>
		<difficult>0</difficult>
		<bndbox>
			<xmin>224</xmin>
			<ymin>235</ymin>
			<xmax>564</xmax>
			<ymax>380</ymax>
		</bndbox>
	</object>
</annotation>
