<annotation>
	<folder>cars_train</folder>
	<filename>00049.jpg</filename>
	<path>/home/xxx/car/cars_train/00049.jpg</path>
	<source>
		<database>Unknown</database>
	</source>
	<size>
		<width>1600</width>
		<height>1067</height>
		<depth>3</depth>
	</size>
	<segmented>0</segmented>
	<object>
		<name>f</name>
		<pose>Unspecified</pose>
		<truncated>0</truncated>
		<difficult>0</difficult>
		<bndbox>
			<xmin>679</xmin>
			<ymin>541</ymin>
			<xmax>951</xmax>
			<ymax>790</ymax>
		</bndbox>
	</object>
	<object>
		<name>h</name>
		<pose>Unspecified</pose>
		<truncated>0</truncated>
		<difficult>0</difficult>
		<bndbox>
			<xmin>146</xmin>
			<ymin>648</ymin>
			<xmax>573</xmax>
			<ymax>958</ymax>
		</bndbox>
	</object>
</annotation>
