<annotation>
	<folder>cars_train</folder>
	<filename>00045.jpg</filename>
	<path>/home/xxx/car/cars_train/00045.jpg</path>
	<source>
		<database>Unknown</database>
	</source>
	<size>
		<width>500</width>
		<height>375</height>
		<depth>3</depth>
	</size>
	<segmented>0</segmented>
	<object>
		<name>f</name>
		<pose>Unspecified</pose>
		<truncated>0</truncated>
		<difficult>0</difficult>
		<bndbox>
			<xmin>16</xmin>
			<ymin>133</ymin>
			<xmax>135</xmax>
			<ymax>289</ymax>
		</bndbox>
	</object>
	<object>
		<name>h</name>
		<pose>Unspecified</pose>
		<truncated>0</truncated>
		<difficult>0</difficult>
		<bndbox>
			<xmin>434</xmin>
			<ymin>119</ymin>
			<xmax>499</xmax>
			<ymax>260</ymax>
		</bndbox>
	</object>
</annotation>
