<annotation>
	<folder>cars_train</folder>
	<filename>00043.jpg</filename>
	<path>/home/xxx/car/cars_train/00043.jpg</path>
	<source>
		<database>Unknown</database>
	</source>
	<size>
		<width>596</width>
		<height>417</height>
		<depth>3</depth>
	</size>
	<segmented>0</segmented>
	<object>
		<name>f</name>
		<pose>Unspecified</pose>
		<truncated>1</truncated>
		<difficult>0</difficult>
		<bndbox>
			<xmin>1</xmin>
			<ymin>123</ymin>
			<xmax>253</xmax>
			<ymax>382</ymax>
		</bndbox>
	</object>
	<object>
		<name>h</name>
		<pose>Unspecified</pose>
		<truncated>0</truncated>
		<difficult>0</difficult>
		<bndbox>
			<xmin>555</xmin>
			<ymin>69</ymin>
			<xmax>593</xmax>
			<ymax>233</ymax>
		</bndbox>
	</object>
</annotation>
