<annotation>
	<folder>cars_train</folder>
	<filename>00040.jpg</filename>
	<path>/home/xxx/car/cars_train/00040.jpg</path>
	<source>
		<database>Unknown</database>
	</source>
	<size>
		<width>750</width>
		<height>469</height>
		<depth>3</depth>
	</size>
	<segmented>0</segmented>
	<object>
		<name>f</name>
		<pose>Unspecified</pose>
		<truncated>0</truncated>
		<difficult>0</difficult>
		<bndbox>
			<xmin>251</xmin>
			<ymin>166</ymin>
			<xmax>697</xmax>
			<ymax>394</ymax>
		</bndbox>
	</object>
</annotation>
