<annotation>
	<folder>cars_train</folder>
	<filename>00046.jpg</filename>
	<path>/home/xxx/car/cars_train/00046.jpg</path>
	<source>
		<database>Unknown</database>
	</source>
	<size>
		<width>786</width>
		<height>492</height>
		<depth>3</depth>
	</size>
	<segmented>0</segmented>
	<object>
		<name>h</name>
		<pose>Unspecified</pose>
		<truncated>1</truncated>
		<difficult>0</difficult>
		<bndbox>
			<xmin>315</xmin>
			<ymin>162</ymin>
			<xmax>772</xmax>
			<ymax>492</ymax>
		</bndbox>
	</object>
</annotation>
