<annotation>
	<folder>cars_train</folder>
	<filename>00042.jpg</filename>
	<path>/home/xxx/car/cars_train/00042.jpg</path>
	<source>
		<database>Unknown</database>
	</source>
	<size>
		<width>640</width>
		<height>452</height>
		<depth>3</depth>
	</size>
	<segmented>0</segmented>
	<object>
		<name>f</name>
		<pose>Unspecified</pose>
		<truncated>0</truncated>
		<difficult>0</difficult>
		<bndbox>
			<xmin>324</xmin>
			<ymin>131</ymin>
			<xmax>624</xmax>
			<ymax>365</ymax>
		</bndbox>
	</object>
</annotation>
