<annotation>
	<folder>cars_train</folder>
	<filename>00048.jpg</filename>
	<path>/home/xxx/car/cars_train/00048.jpg</path>
	<source>
		<database>Unknown</database>
	</source>
	<size>
		<width>813</width>
		<height>541</height>
		<depth>3</depth>
	</size>
	<segmented>0</segmented>
	<object>
		<name>f</name>
		<pose>Unspecified</pose>
		<truncated>0</truncated>
		<difficult>0</difficult>
		<bndbox>
			<xmin>176</xmin>
			<ymin>233</ymin>
			<xmax>644</xmax>
			<ymax>459</ymax>
		</bndbox>
	</object>
</annotation>
