<annotation>
	<folder>cars_train</folder>
	<filename>00058.jpg</filename>
	<path>/home/xxx/car/cars_train/00058.jpg</path>
	<source>
		<database>Unknown</database>
	</source>
	<size>
		<width>260</width>
		<height>194</height>
		<depth>3</depth>
	</size>
	<segmented>0</segmented>
	<object>
		<name>f</name>
		<pose>Unspecified</pose>
		<truncated>1</truncated>
		<difficult>0</difficult>
		<bndbox>
			<xmin>161</xmin>
			<ymin>68</ymin>
			<xmax>260</xmax>
			<ymax>180</ymax>
		</bndbox>
	</object>
</annotation>
