<annotation>
	<folder>cars_train</folder>
	<filename>00052.jpg</filename>
	<path>/home/xxx/car/cars_train/00052.jpg</path>
	<source>
		<database>Unknown</database>
	</source>
	<size>
		<width>808</width>
		<height>424</height>
		<depth>3</depth>
	</size>
	<segmented>0</segmented>
	<object>
		<name>f</name>
		<pose>Unspecified</pose>
		<truncated>0</truncated>
		<difficult>0</difficult>
		<bndbox>
			<xmin>20</xmin>
			<ymin>126</ymin>
			<xmax>364</xmax>
			<ymax>407</ymax>
		</bndbox>
	</object>
	<object>
		<name>h</name>
		<pose>Unspecified</pose>
		<truncated>0</truncated>
		<difficult>0</difficult>
		<bndbox>
			<xmin>674</xmin>
			<ymin>52</ymin>
			<xmax>796</xmax>
			<ymax>322</ymax>
		</bndbox>
	</object>
</annotation>
