<annotation>
	<folder>cars_train</folder>
	<filename>00056.jpg</filename>
	<path>/home/xxx/car/cars_train/00056.jpg</path>
	<source>
		<database>Unknown</database>
	</source>
	<size>
		<width>500</width>
		<height>315</height>
		<depth>3</depth>
	</size>
	<segmented>0</segmented>
	<object>
		<name>f</name>
		<pose>Unspecified</pose>
		<truncated>0</truncated>
		<difficult>0</difficult>
		<bndbox>
			<xmin>20</xmin>
			<ymin>84</ymin>
			<xmax>93</xmax>
			<ymax>214</ymax>
		</bndbox>
	</object>
	<object>
		<name>h</name>
		<pose>Unspecified</pose>
		<truncated>0</truncated>
		<difficult>0</difficult>
		<bndbox>
			<xmin>328</xmin>
			<ymin>113</ymin>
			<xmax>477</xmax>
			<ymax>272</ymax>
		</bndbox>
	</object>
</annotation>
