<annotation>
	<folder>cars_train</folder>
	<filename>00054.jpg</filename>
	<path>/home/xxx/car/cars_train/00054.jpg</path>
	<source>
		<database>Unknown</database>
	</source>
	<size>
		<width>1600</width>
		<height>1200</height>
		<depth>3</depth>
	</size>
	<segmented>0</segmented>
	<object>
		<name>f</name>
		<pose>Unspecified</pose>
		<truncated>0</truncated>
		<difficult>0</difficult>
		<bndbox>
			<xmin>33</xmin>
			<ymin>695</ymin>
			<xmax>700</xmax>
			<ymax>1135</ymax>
		</bndbox>
	</object>
	<object>
		<name>h</name>
		<pose>Unspecified</pose>
		<truncated>0</truncated>
		<difficult>0</difficult>
		<bndbox>
			<xmin>1389</xmin>
			<ymin>656</ymin>
			<xmax>1537</xmax>
			<ymax>970</ymax>
		</bndbox>
	</object>
</annotation>
