<annotation>
	<folder>cars_train</folder>
	<filename>00055.jpg</filename>
	<path>/home/xxx/car/cars_train/00055.jpg</path>
	<source>
		<database>Unknown</database>
	</source>
	<size>
		<width>620</width>
		<height>433</height>
		<depth>3</depth>
	</size>
	<segmented>0</segmented>
	<object>
		<name>f</name>
		<pose>Unspecified</pose>
		<truncated>0</truncated>
		<difficult>0</difficult>
		<bndbox>
			<xmin>57</xmin>
			<ymin>195</ymin>
			<xmax>435</xmax>
			<ymax>398</ymax>
		</bndbox>
	</object>
	<object>
		<name>h</name>
		<pose>Unspecified</pose>
		<truncated>0</truncated>
		<difficult>0</difficult>
		<bndbox>
			<xmin>521</xmin>
			<ymin>162</ymin>
			<xmax>588</xmax>
			<ymax>302</ymax>
		</bndbox>
	</object>
</annotation>
