<annotation>
	<folder>cars_train</folder>
	<filename>00051.jpg</filename>
	<path>/home/xxx/car/cars_train/00051.jpg</path>
	<source>
		<database>Unknown</database>
	</source>
	<size>
		<width>640</width>
		<height>480</height>
		<depth>3</depth>
	</size>
	<segmented>0</segmented>
	<object>
		<name>f</name>
		<pose>Unspecified</pose>
		<truncated>0</truncated>
		<difficult>0</difficult>
		<bndbox>
			<xmin>22</xmin>
			<ymin>227</ymin>
			<xmax>300</xmax>
			<ymax>478</ymax>
		</bndbox>
	</object>
	<object>
		<name>h</name>
		<pose>Unspecified</pose>
		<truncated>0</truncated>
		<difficult>0</difficult>
		<bndbox>
			<xmin>502</xmin>
			<ymin>209</ymin>
			<xmax>628</xmax>
			<ymax>337</ymax>
		</bndbox>
	</object>
</annotation>
