<annotation>
	<folder>cars_train</folder>
	<filename>00050.jpg</filename>
	<path>/home/xxx/car/cars_train/00050.jpg</path>
	<source>
		<database>Unknown</database>
	</source>
	<size>
		<width>580</width>
		<height>407</height>
		<depth>3</depth>
	</size>
	<segmented>0</segmented>
	<object>
		<name>f</name>
		<pose>Unspecified</pose>
		<truncated>0</truncated>
		<difficult>0</difficult>
		<bndbox>
			<xmin>5</xmin>
			<ymin>142</ymin>
			<xmax>335</xmax>
			<ymax>348</ymax>
		</bndbox>
	</object>
	<object>
		<name>h</name>
		<pose>Unspecified</pose>
		<truncated>0</truncated>
		<difficult>0</difficult>
		<bndbox>
			<xmin>503</xmin>
			<ymin>158</ymin>
			<xmax>573</xmax>
			<ymax>297</ymax>
		</bndbox>
	</object>
</annotation>
