<annotation>
	<folder>cars_train</folder>
	<filename>00063.jpg</filename>
	<path>/home/xxx/car/cars_train/00063.jpg</path>
	<source>
		<database>Unknown</database>
	</source>
	<size>
		<width>1032</width>
		<height>774</height>
		<depth>3</depth>
	</size>
	<segmented>0</segmented>
	<object>
		<name>f</name>
		<pose>Unspecified</pose>
		<truncated>0</truncated>
		<difficult>0</difficult>
		<bndbox>
			<xmin>108</xmin>
			<ymin>382</ymin>
			<xmax>623</xmax>
			<ymax>689</ymax>
		</bndbox>
	</object>
	<object>
		<name>h</name>
		<pose>Unspecified</pose>
		<truncated>0</truncated>
		<difficult>0</difficult>
		<bndbox>
			<xmin>876</xmin>
			<ymin>397</ymin>
			<xmax>974</xmax>
			<ymax>555</ymax>
		</bndbox>
	</object>
</annotation>
