<annotation>
	<folder>cars_train</folder>
	<filename>00060.jpg</filename>
	<path>/home/xxx/car/cars_train/00060.jpg</path>
	<source>
		<database>Unknown</database>
	</source>
	<size>
		<width>400</width>
		<height>300</height>
		<depth>3</depth>
	</size>
	<segmented>0</segmented>
	<object>
		<name>f</name>
		<pose>Unspecified</pose>
		<truncated>0</truncated>
		<difficult>0</difficult>
		<bndbox>
			<xmin>235</xmin>
			<ymin>175</ymin>
			<xmax>358</xmax>
			<ymax>272</ymax>
		</bndbox>
	</object>
	<object>
		<name>f</name>
		<pose>Unspecified</pose>
		<truncated>0</truncated>
		<difficult>0</difficult>
		<bndbox>
			<xmin>14</xmin>
			<ymin>146</ymin>
			<xmax>87</xmax>
			<ymax>207</ymax>
		</bndbox>
	</object>
</annotation>
