<annotation>
	<folder>cars_train</folder>
	<filename>00062.jpg</filename>
	<path>/home/xxx/car/cars_train/00062.jpg</path>
	<source>
		<database>Unknown</database>
	</source>
	<size>
		<width>450</width>
		<height>280</height>
		<depth>3</depth>
	</size>
	<segmented>0</segmented>
	<object>
		<name>h</name>
		<pose>Unspecified</pose>
		<truncated>0</truncated>
		<difficult>0</difficult>
		<bndbox>
			<xmin>132</xmin>
			<ymin>42</ymin>
			<xmax>424</xmax>
			<ymax>264</ymax>
		</bndbox>
	</object>
</annotation>
