<annotation>
	<folder>cars_train</folder>
	<filename>00061.jpg</filename>
	<path>/home/xxx/car/cars_train/00061.jpg</path>
	<source>
		<database>Unknown</database>
	</source>
	<size>
		<width>1023</width>
		<height>764</height>
		<depth>3</depth>
	</size>
	<segmented>0</segmented>
	<object>
		<name>f</name>
		<pose>Unspecified</pose>
		<truncated>0</truncated>
		<difficult>0</difficult>
		<bndbox>
			<xmin>10</xmin>
			<ymin>293</ymin>
			<xmax>597</xmax>
			<ymax>751</ymax>
		</bndbox>
	</object>
	<object>
		<name>h</name>
		<pose>Unspecified</pose>
		<truncated>0</truncated>
		<difficult>0</difficult>
		<bndbox>
			<xmin>876</xmin>
			<ymin>188</ymin>
			<xmax>1020</xmax>
			<ymax>371</ymax>
		</bndbox>
	</object>
</annotation>
