<annotation>
	<folder>cars_train</folder>
	<filename>00066.jpg</filename>
	<path>/home/xxx/car/cars_train/00066.jpg</path>
	<source>
		<database>Unknown</database>
	</source>
	<size>
		<width>259</width>
		<height>194</height>
		<depth>3</depth>
	</size>
	<segmented>0</segmented>
	<object>
		<name>f</name>
		<pose>Unspecified</pose>
		<truncated>0</truncated>
		<difficult>0</difficult>
		<bndbox>
			<xmin>134</xmin>
			<ymin>62</ymin>
			<xmax>241</xmax>
			<ymax>138</ymax>
		</bndbox>
	</object>
	<object>
		<name>h</name>
		<pose>Unspecified</pose>
		<truncated>0</truncated>
		<difficult>0</difficult>
		<bndbox>
			<xmin>27</xmin>
			<ymin>53</ymin>
			<xmax>48</xmax>
			<ymax>77</ymax>
		</bndbox>
	</object>
</annotation>
