<annotation>
	<folder>cars_train</folder>
	<filename>00065.jpg</filename>
	<path>/home/xxx/car/cars_train/00065.jpg</path>
	<source>
		<database>Unknown</database>
	</source>
	<size>
		<width>500</width>
		<height>361</height>
		<depth>3</depth>
	</size>
	<segmented>0</segmented>
	<object>
		<name>h</name>
		<pose>Unspecified</pose>
		<truncated>0</truncated>
		<difficult>0</difficult>
		<bndbox>
			<xmin>276</xmin>
			<ymin>183</ymin>
			<xmax>440</xmax>
			<ymax>293</ymax>
		</bndbox>
	</object>
</annotation>
