<annotation>
	<folder>cars_train</folder>
	<filename>00064.jpg</filename>
	<path>/home/xxx/car/cars_train/00064.jpg</path>
	<source>
		<database>Unknown</database>
	</source>
	<size>
		<width>1024</width>
		<height>768</height>
		<depth>3</depth>
	</size>
	<segmented>0</segmented>
	<object>
		<name>h</name>
		<pose>Unspecified</pose>
		<truncated>0</truncated>
		<difficult>0</difficult>
		<bndbox>
			<xmin>82</xmin>
			<ymin>84</ymin>
			<xmax>939</xmax>
			<ymax>681</ymax>
		</bndbox>
	</object>
</annotation>
