<annotation>
	<folder>cars_train</folder>
	<filename>00068.jpg</filename>
	<path>/home/xxx/car/cars_train/00068.jpg</path>
	<source>
		<database>Unknown</database>
	</source>
	<size>
		<width>640</width>
		<height>438</height>
		<depth>3</depth>
	</size>
	<segmented>0</segmented>
	<object>
		<name>h</name>
		<pose>Unspecified</pose>
		<truncated>0</truncated>
		<difficult>0</difficult>
		<bndbox>
			<xmin>30</xmin>
			<ymin>108</ymin>
			<xmax>405</xmax>
			<ymax>352</ymax>
		</bndbox>
	</object>
</annotation>
