<annotation>
	<folder>cars_train</folder>
	<filename>00076.jpg</filename>
	<path>/home/xxx/car/cars_train/00076.jpg</path>
	<source>
		<database>Unknown</database>
	</source>
	<size>
		<width>300</width>
		<height>187</height>
		<depth>3</depth>
	</size>
	<segmented>0</segmented>
	<object>
		<name>f</name>
		<pose>Unspecified</pose>
		<truncated>0</truncated>
		<difficult>0</difficult>
		<bndbox>
			<xmin>118</xmin>
			<ymin>58</ymin>
			<xmax>293</xmax>
			<ymax>177</ymax>
		</bndbox>
	</object>
	<object>
		<name>h</name>
		<pose>Unspecified</pose>
		<truncated>0</truncated>
		<difficult>0</difficult>
		<bndbox>
			<xmin>6</xmin>
			<ymin>46</ymin>
			<xmax>30</xmax>
			<ymax>73</ymax>
		</bndbox>
	</object>
</annotation>
