<annotation>
	<folder>cars_train</folder>
	<filename>00071.jpg</filename>
	<path>/home/xxx/car/cars_train/00071.jpg</path>
	<source>
		<database>Unknown</database>
	</source>
	<size>
		<width>643</width>
		<height>305</height>
		<depth>3</depth>
	</size>
	<segmented>0</segmented>
	<object>
		<name>f</name>
		<pose>Unspecified</pose>
		<truncated>1</truncated>
		<difficult>0</difficult>
		<bndbox>
			<xmin>12</xmin>
			<ymin>97</ymin>
			<xmax>340</xmax>
			<ymax>305</ymax>
		</bndbox>
	</object>
</annotation>
