<annotation>
	<folder>cars_train</folder>
	<filename>00077.jpg</filename>
	<path>/home/xxx/car/cars_train/00077.jpg</path>
	<source>
		<database>Unknown</database>
	</source>
	<size>
		<width>3552</width>
		<height>2153</height>
		<depth>3</depth>
	</size>
	<segmented>0</segmented>
	<object>
		<name>f</name>
		<pose>Unspecified</pose>
		<truncated>0</truncated>
		<difficult>0</difficult>
		<bndbox>
			<xmin>1974</xmin>
			<ymin>583</ymin>
			<xmax>3458</xmax>
			<ymax>2068</ymax>
		</bndbox>
	</object>
	<object>
		<name>h</name>
		<pose>Unspecified</pose>
		<truncated>0</truncated>
		<difficult>0</difficult>
		<bndbox>
			<xmin>12</xmin>
			<ymin>378</ymin>
			<xmax>441</xmax>
			<ymax>1347</ymax>
		</bndbox>
	</object>
</annotation>
