<annotation>
	<folder>cars_train</folder>
	<filename>00072.jpg</filename>
	<path>/home/xxx/car/cars_train/00072.jpg</path>
	<source>
		<database>Unknown</database>
	</source>
	<size>
		<width>1280</width>
		<height>850</height>
		<depth>3</depth>
	</size>
	<segmented>0</segmented>
	<object>
		<name>f</name>
		<pose>Unspecified</pose>
		<truncated>0</truncated>
		<difficult>0</difficult>
		<bndbox>
			<xmin>822</xmin>
			<ymin>338</ymin>
			<xmax>1214</xmax>
			<ymax>763</ymax>
		</bndbox>
	</object>
	<object>
		<name>h</name>
		<pose>Unspecified</pose>
		<truncated>0</truncated>
		<difficult>0</difficult>
		<bndbox>
			<xmin>65</xmin>
			<ymin>321</ymin>
			<xmax>263</xmax>
			<ymax>657</ymax>
		</bndbox>
	</object>
</annotation>
