<annotation>
	<folder>cars_train</folder>
	<filename>00075.jpg</filename>
	<path>/home/xxx/car/cars_train/00075.jpg</path>
	<source>
		<database>Unknown</database>
	</source>
	<size>
		<width>550</width>
		<height>286</height>
		<depth>3</depth>
	</size>
	<segmented>0</segmented>
	<object>
		<name>f</name>
		<pose>Unspecified</pose>
		<truncated>0</truncated>
		<difficult>0</difficult>
		<bndbox>
			<xmin>40</xmin>
			<ymin>110</ymin>
			<xmax>265</xmax>
			<ymax>261</ymax>
		</bndbox>
	</object>
	<object>
		<name>h</name>
		<pose>Unspecified</pose>
		<truncated>0</truncated>
		<difficult>0</difficult>
		<bndbox>
			<xmin>478</xmin>
			<ymin>118</ymin>
			<xmax>531</xmax>
			<ymax>215</ymax>
		</bndbox>
	</object>
</annotation>
