<annotation>
	<folder>cars_train</folder>
	<filename>00078.jpg</filename>
	<path>/home/xxx/car/cars_train/00078.jpg</path>
	<source>
		<database>Unknown</database>
	</source>
	<size>
		<width>640</width>
		<height>480</height>
		<depth>3</depth>
	</size>
	<segmented>0</segmented>
	<object>
		<name>f</name>
		<pose>Unspecified</pose>
		<truncated>0</truncated>
		<difficult>0</difficult>
		<bndbox>
			<xmin>16</xmin>
			<ymin>174</ymin>
			<xmax>259</xmax>
			<ymax>448</ymax>
		</bndbox>
	</object>
	<object>
		<name>h</name>
		<pose>Unspecified</pose>
		<truncated>0</truncated>
		<difficult>0</difficult>
		<bndbox>
			<xmin>550</xmin>
			<ymin>121</ymin>
			<xmax>612</xmax>
			<ymax>211</ymax>
		</bndbox>
	</object>
</annotation>
