<annotation>
	<folder>cars_train</folder>
	<filename>00086.jpg</filename>
	<path>/home/xxx/car/cars_train/00086.jpg</path>
	<source>
		<database>Unknown</database>
	</source>
	<size>
		<width>1500</width>
		<height>920</height>
		<depth>3</depth>
	</size>
	<segmented>0</segmented>
	<object>
		<name>f</name>
		<pose>Unspecified</pose>
		<truncated>0</truncated>
		<difficult>0</difficult>
		<bndbox>
			<xmin>47</xmin>
			<ymin>485</ymin>
			<xmax>455</xmax>
			<ymax>846</ymax>
		</bndbox>
	</object>
	<object>
		<name>h</name>
		<pose>Unspecified</pose>
		<truncated>0</truncated>
		<difficult>0</difficult>
		<bndbox>
			<xmin>1031</xmin>
			<ymin>309</ymin>
			<xmax>1422</xmax>
			<ymax>765</ymax>
		</bndbox>
	</object>
</annotation>
