<annotation>
	<folder>cars_train</folder>
	<filename>00085.jpg</filename>
	<path>/home/xxx/car/cars_train/00085.jpg</path>
	<source>
		<database>Unknown</database>
	</source>
	<size>
		<width>640</width>
		<height>480</height>
		<depth>3</depth>
	</size>
	<segmented>0</segmented>
	<object>
		<name>f</name>
		<pose>Unspecified</pose>
		<truncated>1</truncated>
		<difficult>0</difficult>
		<bndbox>
			<xmin>229</xmin>
			<ymin>162</ymin>
			<xmax>640</xmax>
			<ymax>408</ymax>
		</bndbox>
	</object>
</annotation>
