<annotation>
	<folder>cars_train</folder>
	<filename>00080.jpg</filename>
	<path>/home/xxx/car/cars_train/00080.jpg</path>
	<source>
		<database>Unknown</database>
	</source>
	<size>
		<width>300</width>
		<height>224</height>
		<depth>3</depth>
	</size>
	<segmented>0</segmented>
	<object>
		<name>f</name>
		<pose>Unspecified</pose>
		<truncated>1</truncated>
		<difficult>0</difficult>
		<bndbox>
			<xmin>14</xmin>
			<ymin>56</ymin>
			<xmax>300</xmax>
			<ymax>224</ymax>
		</bndbox>
	</object>
</annotation>
