<annotation>
	<folder>cars_train</folder>
	<filename>00088.jpg</filename>
	<path>/home/xxx/car/cars_train/00088.jpg</path>
	<source>
		<database>Unknown</database>
	</source>
	<size>
		<width>2592</width>
		<height>1944</height>
		<depth>3</depth>
	</size>
	<segmented>0</segmented>
	<object>
		<name>f</name>
		<pose>Unspecified</pose>
		<truncated>0</truncated>
		<difficult>0</difficult>
		<bndbox>
			<xmin>217</xmin>
			<ymin>572</ymin>
			<xmax>1813</xmax>
			<ymax>1804</ymax>
		</bndbox>
	</object>
</annotation>
