<annotation>
	<folder>cars_train</folder>
	<filename>00087.jpg</filename>
	<path>/home/xxx/car/cars_train/00087.jpg</path>
	<source>
		<database>Unknown</database>
	</source>
	<size>
		<width>467</width>
		<height>234</height>
		<depth>3</depth>
	</size>
	<segmented>0</segmented>
	<object>
		<name>f</name>
		<pose>Unspecified</pose>
		<truncated>0</truncated>
		<difficult>0</difficult>
		<bndbox>
			<xmin>11</xmin>
			<ymin>83</ymin>
			<xmax>211</xmax>
			<ymax>227</ymax>
		</bndbox>
	</object>
	<object>
		<name>h</name>
		<pose>Unspecified</pose>
		<truncated>0</truncated>
		<difficult>0</difficult>
		<bndbox>
			<xmin>405</xmin>
			<ymin>61</ymin>
			<xmax>460</xmax>
			<ymax>197</ymax>
		</bndbox>
	</object>
</annotation>
