<annotation>
	<folder>cars_train</folder>
	<filename>00089.jpg</filename>
	<path>/home/xxx/car/cars_train/00089.jpg</path>
	<source>
		<database>Unknown</database>
	</source>
	<size>
		<width>1024</width>
		<height>768</height>
		<depth>3</depth>
	</size>
	<segmented>0</segmented>
	<object>
		<name>f</name>
		<pose>Unspecified</pose>
		<truncated>0</truncated>
		<difficult>0</difficult>
		<bndbox>
			<xmin>37</xmin>
			<ymin>290</ymin>
			<xmax>564</xmax>
			<ymax>610</ymax>
		</bndbox>
	</object>
</annotation>
