<annotation>
	<folder>cars_train</folder>
	<filename>00097.jpg</filename>
	<path>/home/xxx/car/cars_train/00097.jpg</path>
	<source>
		<database>Unknown</database>
	</source>
	<size>
		<width>78</width>
		<height>58</height>
		<depth>3</depth>
	</size>
	<segmented>0</segmented>
	<object>
		<name>f</name>
		<pose>Unspecified</pose>
		<truncated>1</truncated>
		<difficult>0</difficult>
		<bndbox>
			<xmin>1</xmin>
			<ymin>22</ymin>
			<xmax>39</xmax>
			<ymax>52</ymax>
		</bndbox>
	</object>
</annotation>
