<annotation>
	<folder>cars_train</folder>
	<filename>00099.jpg</filename>
	<path>/home/xxx/car/cars_train/00099.jpg</path>
	<source>
		<database>Unknown</database>
	</source>
	<size>
		<width>510</width>
		<height>383</height>
		<depth>3</depth>
	</size>
	<segmented>0</segmented>
	<object>
		<name>f</name>
		<pose>Unspecified</pose>
		<truncated>1</truncated>
		<difficult>0</difficult>
		<bndbox>
			<xmin>12</xmin>
			<ymin>162</ymin>
			<xmax>400</xmax>
			<ymax>383</ymax>
		</bndbox>
	</object>
</annotation>
