<annotation>
	<folder>cars_train</folder>
	<filename>00095.jpg</filename>
	<path>/home/xxx/car/cars_train/00095.jpg</path>
	<source>
		<database>Unknown</database>
	</source>
	<size>
		<width>1280</width>
		<height>782</height>
		<depth>3</depth>
	</size>
	<segmented>0</segmented>
	<object>
		<name>f</name>
		<pose>Unspecified</pose>
		<truncated>0</truncated>
		<difficult>0</difficult>
		<bndbox>
			<xmin>77</xmin>
			<ymin>360</ymin>
			<xmax>262</xmax>
			<ymax>577</ymax>
		</bndbox>
	</object>
	<object>
		<name>h</name>
		<pose>Unspecified</pose>
		<truncated>0</truncated>
		<difficult>0</difficult>
		<bndbox>
			<xmin>681</xmin>
			<ymin>215</ymin>
			<xmax>1233</xmax>
			<ymax>640</ymax>
		</bndbox>
	</object>
</annotation>
