<annotation>
	<folder>cars_train</folder>
	<filename>00092.jpg</filename>
	<path>/home/xxx/car/cars_train/00092.jpg</path>
	<source>
		<database>Unknown</database>
	</source>
	<size>
		<width>600</width>
		<height>338</height>
		<depth>3</depth>
	</size>
	<segmented>0</segmented>
	<object>
		<name>f</name>
		<pose>Unspecified</pose>
		<truncated>0</truncated>
		<difficult>0</difficult>
		<bndbox>
			<xmin>320</xmin>
			<ymin>111</ymin>
			<xmax>543</xmax>
			<ymax>290</ymax>
		</bndbox>
	</object>
</annotation>
