<annotation>
	<folder>cars_train</folder>
	<filename>00096.jpg</filename>
	<path>/home/xxx/car/cars_train/00096.jpg</path>
	<source>
		<database>Unknown</database>
	</source>
	<size>
		<width>400</width>
		<height>265</height>
		<depth>3</depth>
	</size>
	<segmented>0</segmented>
	<object>
		<name>f</name>
		<pose>Unspecified</pose>
		<truncated>0</truncated>
		<difficult>0</difficult>
		<bndbox>
			<xmin>112</xmin>
			<ymin>105</ymin>
			<xmax>353</xmax>
			<ymax>233</ymax>
		</bndbox>
	</object>
	<object>
		<name>h</name>
		<pose>Unspecified</pose>
		<truncated>0</truncated>
		<difficult>0</difficult>
		<bndbox>
			<xmin>308</xmin>
			<ymin>76</ymin>
			<xmax>382</xmax>
			<ymax>144</ymax>
		</bndbox>
	</object>
</annotation>
