<annotation>
	<folder>cars_train</folder>
	<filename>00094.jpg</filename>
	<path>/home/xxx/car/cars_train/00094.jpg</path>
	<source>
		<database>Unknown</database>
	</source>
	<size>
		<width>786</width>
		<height>491</height>
		<depth>3</depth>
	</size>
	<segmented>0</segmented>
	<object>
		<name>f</name>
		<pose>Unspecified</pose>
		<truncated>1</truncated>
		<difficult>0</difficult>
		<bndbox>
			<xmin>140</xmin>
			<ymin>140</ymin>
			<xmax>786</xmax>
			<ymax>478</ymax>
		</bndbox>
	</object>
</annotation>
