<annotation>
	<folder>cars_train</folder>
	<filename>00107.jpg</filename>
	<path>/home/xxx/car/cars_train/00107.jpg</path>
	<source>
		<database>Unknown</database>
	</source>
	<size>
		<width>276</width>
		<height>182</height>
		<depth>3</depth>
	</size>
	<segmented>0</segmented>
	<object>
		<name>f</name>
		<pose>Unspecified</pose>
		<truncated>0</truncated>
		<difficult>0</difficult>
		<bndbox>
			<xmin>11</xmin>
			<ymin>72</ymin>
			<xmax>223</xmax>
			<ymax>173</ymax>
		</bndbox>
	</object>
</annotation>
