<annotation>
	<folder>cars_train</folder>
	<filename>00102.jpg</filename>
	<path>/home/xxx/car/cars_train/00102.jpg</path>
	<source>
		<database>Unknown</database>
	</source>
	<size>
		<width>480</width>
		<height>360</height>
		<depth>3</depth>
	</size>
	<segmented>0</segmented>
	<object>
		<name>f</name>
		<pose>Unspecified</pose>
		<truncated>0</truncated>
		<difficult>0</difficult>
		<bndbox>
			<xmin>297</xmin>
			<ymin>148</ymin>
			<xmax>431</xmax>
			<ymax>253</ymax>
		</bndbox>
	</object>
	<object>
		<name>h</name>
		<pose>Unspecified</pose>
		<truncated>0</truncated>
		<difficult>0</difficult>
		<bndbox>
			<xmin>93</xmin>
			<ymin>151</ymin>
			<xmax>137</xmax>
			<ymax>208</ymax>
		</bndbox>
	</object>
</annotation>
