<annotation>
	<folder>cars_train</folder>
	<filename>00104.jpg</filename>
	<path>/home/xxx/car/cars_train/00104.jpg</path>
	<source>
		<database>Unknown</database>
	</source>
	<size>
		<width>480</width>
		<height>360</height>
		<depth>3</depth>
	</size>
	<segmented>0</segmented>
	<object>
		<name>f</name>
		<pose>Unspecified</pose>
		<truncated>1</truncated>
		<difficult>0</difficult>
		<bndbox>
			<xmin>279</xmin>
			<ymin>107</ymin>
			<xmax>480</xmax>
			<ymax>285</ymax>
		</bndbox>
	</object>
</annotation>
