<annotation>
	<folder>cars_train</folder>
	<filename>00108.jpg</filename>
	<path>/home/xxx/car/cars_train/00108.jpg</path>
	<source>
		<database>Unknown</database>
	</source>
	<size>
		<width>212</width>
		<height>159</height>
		<depth>3</depth>
	</size>
	<segmented>0</segmented>
	<object>
		<name>f</name>
		<pose>Unspecified</pose>
		<truncated>1</truncated>
		<difficult>0</difficult>
		<bndbox>
			<xmin>151</xmin>
			<ymin>70</ymin>
			<xmax>212</xmax>
			<ymax>149</ymax>
		</bndbox>
	</object>
</annotation>
