<annotation>
	<folder>cars_train</folder>
	<filename>00100.jpg</filename>
	<path>/home/xxx/car/cars_train/00100.jpg</path>
	<source>
		<database>Unknown</database>
	</source>
	<size>
		<width>480</width>
		<height>360</height>
		<depth>3</depth>
	</size>
	<segmented>0</segmented>
	<object>
		<name>f</name>
		<pose>Unspecified</pose>
		<truncated>0</truncated>
		<difficult>0</difficult>
		<bndbox>
			<xmin>16</xmin>
			<ymin>220</ymin>
			<xmax>136</xmax>
			<ymax>332</ymax>
		</bndbox>
	</object>
	<object>
		<name>h</name>
		<pose>Unspecified</pose>
		<truncated>0</truncated>
		<difficult>0</difficult>
		<bndbox>
			<xmin>404</xmin>
			<ymin>189</ymin>
			<xmax>456</xmax>
			<ymax>309</ymax>
		</bndbox>
	</object>
</annotation>
