<annotation>
	<folder>cars_train</folder>
	<filename>00105.jpg</filename>
	<path>/home/xxx/car/cars_train/00105.jpg</path>
	<source>
		<database>Unknown</database>
	</source>
	<size>
		<width>1024</width>
		<height>768</height>
		<depth>3</depth>
	</size>
	<segmented>0</segmented>
	<object>
		<name>f</name>
		<pose>Unspecified</pose>
		<truncated>0</truncated>
		<difficult>0</difficult>
		<bndbox>
			<xmin>25</xmin>
			<ymin>376</ymin>
			<xmax>326</xmax>
			<ymax>627</ymax>
		</bndbox>
	</object>
	<object>
		<name>h</name>
		<pose>Unspecified</pose>
		<truncated>0</truncated>
		<difficult>0</difficult>
		<bndbox>
			<xmin>871</xmin>
			<ymin>306</ymin>
			<xmax>981</xmax>
			<ymax>549</ymax>
		</bndbox>
	</object>
</annotation>
