<annotation>
	<folder>cars_train</folder>
	<filename>00111.jpg</filename>
	<path>/home/xxx/car/cars_train/00111.jpg</path>
	<source>
		<database>Unknown</database>
	</source>
	<size>
		<width>800</width>
		<height>532</height>
		<depth>3</depth>
	</size>
	<segmented>0</segmented>
	<object>
		<name>h</name>
		<pose>Unspecified</pose>
		<truncated>1</truncated>
		<difficult>0</difficult>
		<bndbox>
			<xmin>197</xmin>
			<ymin>118</ymin>
			<xmax>800</xmax>
			<ymax>503</ymax>
		</bndbox>
	</object>
</annotation>
