<annotation>
	<folder>cars_train</folder>
	<filename>00110.jpg</filename>
	<path>/home/xxx/car/cars_train/00110.jpg</path>
	<source>
		<database>Unknown</database>
	</source>
	<size>
		<width>600</width>
		<height>398</height>
		<depth>3</depth>
	</size>
	<segmented>0</segmented>
	<object>
		<name>h</name>
		<pose>Unspecified</pose>
		<truncated>1</truncated>
		<difficult>0</difficult>
		<bndbox>
			<xmin>18</xmin>
			<ymin>105</ymin>
			<xmax>600</xmax>
			<ymax>398</ymax>
		</bndbox>
	</object>
</annotation>
