<annotation>
	<folder>cars_train</folder>
	<filename>00115.jpg</filename>
	<path>/home/xxx/car/cars_train/00115.jpg</path>
	<source>
		<database>Unknown</database>
	</source>
	<size>
		<width>400</width>
		<height>267</height>
		<depth>3</depth>
	</size>
	<segmented>0</segmented>
	<object>
		<name>f</name>
		<pose>Unspecified</pose>
		<truncated>0</truncated>
		<difficult>0</difficult>
		<bndbox>
			<xmin>11</xmin>
			<ymin>118</ymin>
			<xmax>196</xmax>
			<ymax>231</ymax>
		</bndbox>
	</object>
</annotation>
