<annotation>
	<folder>cars_train</folder>
	<filename>00116.jpg</filename>
	<path>/home/xxx/car/cars_train/00116.jpg</path>
	<source>
		<database>Unknown</database>
	</source>
	<size>
		<width>786</width>
		<height>492</height>
		<depth>3</depth>
	</size>
	<segmented>0</segmented>
	<object>
		<name>f</name>
		<pose>Unspecified</pose>
		<truncated>0</truncated>
		<difficult>0</difficult>
		<bndbox>
			<xmin>84</xmin>
			<ymin>196</ymin>
			<xmax>483</xmax>
			<ymax>414</ymax>
		</bndbox>
	</object>
</annotation>
