<annotation>
	<folder>cars_train</folder>
	<filename>00112.jpg</filename>
	<path>/home/xxx/car/cars_train/00112.jpg</path>
	<source>
		<database>Unknown</database>
	</source>
	<size>
		<width>500</width>
		<height>274</height>
		<depth>3</depth>
	</size>
	<segmented>0</segmented>
	<object>
		<name>f</name>
		<pose>Unspecified</pose>
		<truncated>0</truncated>
		<difficult>0</difficult>
		<bndbox>
			<xmin>214</xmin>
			<ymin>131</ymin>
			<xmax>409</xmax>
			<ymax>247</ymax>
		</bndbox>
	</object>
</annotation>
