<annotation>
	<folder>cars_train</folder>
	<filename>00117.jpg</filename>
	<path>/home/xxx/car/cars_train/00117.jpg</path>
	<source>
		<database>Unknown</database>
	</source>
	<size>
		<width>753</width>
		<height>383</height>
		<depth>3</depth>
	</size>
	<segmented>0</segmented>
	<object>
		<name>f</name>
		<pose>Unspecified</pose>
		<truncated>0</truncated>
		<difficult>0</difficult>
		<bndbox>
			<xmin>186</xmin>
			<ymin>100</ymin>
			<xmax>675</xmax>
			<ymax>344</ymax>
		</bndbox>
	</object>
</annotation>
