<annotation>
	<folder>cars_train</folder>
	<filename>00119.jpg</filename>
	<path>/home/xxx/car/cars_train/00119.jpg</path>
	<source>
		<database>Unknown</database>
	</source>
	<size>
		<width>1368</width>
		<height>1026</height>
		<depth>3</depth>
	</size>
	<segmented>0</segmented>
	<object>
		<name>f</name>
		<pose>Unspecified</pose>
		<truncated>0</truncated>
		<difficult>0</difficult>
		<bndbox>
			<xmin>154</xmin>
			<ymin>497</ymin>
			<xmax>777</xmax>
			<ymax>987</ymax>
		</bndbox>
	</object>
</annotation>
