<annotation>
	<folder>cars_train</folder>
	<filename>00114.jpg</filename>
	<path>/home/xxx/car/cars_train/00114.jpg</path>
	<source>
		<database>Unknown</database>
	</source>
	<size>
		<width>640</width>
		<height>426</height>
		<depth>3</depth>
	</size>
	<segmented>0</segmented>
	<object>
		<name>f</name>
		<pose>Unspecified</pose>
		<truncated>0</truncated>
		<difficult>0</difficult>
		<bndbox>
			<xmin>39</xmin>
			<ymin>169</ymin>
			<xmax>338</xmax>
			<ymax>377</ymax>
		</bndbox>
	</object>
</annotation>
