<annotation>
	<folder>cars_train</folder>
	<filename>00113.jpg</filename>
	<path>/home/xxx/car/cars_train/00113.jpg</path>
	<source>
		<database>Unknown</database>
	</source>
	<size>
		<width>1024</width>
		<height>682</height>
		<depth>3</depth>
	</size>
	<segmented>0</segmented>
	<object>
		<name>h</name>
		<pose>Unspecified</pose>
		<truncated>0</truncated>
		<difficult>0</difficult>
		<bndbox>
			<xmin>207</xmin>
			<ymin>216</ymin>
			<xmax>751</xmax>
			<ymax>571</ymax>
		</bndbox>
	</object>
</annotation>
