<annotation>
	<folder>cars_train</folder>
	<filename>00123.jpg</filename>
	<path>/home/xxx/car/cars_train/00123.jpg</path>
	<source>
		<database>Unknown</database>
	</source>
	<size>
		<width>2100</width>
		<height>1575</height>
		<depth>3</depth>
	</size>
	<segmented>0</segmented>
	<object>
		<name>f</name>
		<pose>Unspecified</pose>
		<truncated>0</truncated>
		<difficult>0</difficult>
		<bndbox>
			<xmin>1195</xmin>
			<ymin>716</ymin>
			<xmax>1997</xmax>
			<ymax>1374</ymax>
		</bndbox>
	</object>
</annotation>
