<annotation>
	<folder>cars_train</folder>
	<filename>00125.jpg</filename>
	<path>/home/xxx/car/cars_train/00125.jpg</path>
	<source>
		<database>Unknown</database>
	</source>
	<size>
		<width>2048</width>
		<height>1536</height>
		<depth>3</depth>
	</size>
	<segmented>0</segmented>
	<object>
		<name>f</name>
		<pose>Unspecified</pose>
		<truncated>0</truncated>
		<difficult>0</difficult>
		<bndbox>
			<xmin>1362</xmin>
			<ymin>877</ymin>
			<xmax>1993</xmax>
			<ymax>1499</ymax>
		</bndbox>
	</object>
	<object>
		<name>h</name>
		<pose>Unspecified</pose>
		<truncated>0</truncated>
		<difficult>0</difficult>
		<bndbox>
			<xmin>68</xmin>
			<ymin>946</ymin>
			<xmax>332</xmax>
			<ymax>1236</ymax>
		</bndbox>
	</object>
</annotation>
