<annotation>
	<folder>cars_train</folder>
	<filename>00127.jpg</filename>
	<path>/home/xxx/car/cars_train/00127.jpg</path>
	<source>
		<database>Unknown</database>
	</source>
	<size>
		<width>620</width>
		<height>387</height>
		<depth>3</depth>
	</size>
	<segmented>0</segmented>
	<object>
		<name>h</name>
		<pose>Unspecified</pose>
		<truncated>0</truncated>
		<difficult>0</difficult>
		<bndbox>
			<xmin>267</xmin>
			<ymin>126</ymin>
			<xmax>544</xmax>
			<ymax>318</ymax>
		</bndbox>
	</object>
</annotation>
