<annotation>
	<folder>cars_train</folder>
	<filename>00122.jpg</filename>
	<path>/home/xxx/car/cars_train/00122.jpg</path>
	<source>
		<database>Unknown</database>
	</source>
	<size>
		<width>300</width>
		<height>200</height>
		<depth>3</depth>
	</size>
	<segmented>0</segmented>
	<object>
		<name>h</name>
		<pose>Unspecified</pose>
		<truncated>0</truncated>
		<difficult>0</difficult>
		<bndbox>
			<xmin>37</xmin>
			<ymin>84</ymin>
			<xmax>214</xmax>
			<ymax>175</ymax>
		</bndbox>
	</object>
</annotation>
