<annotation>
	<folder>cars_train</folder>
	<filename>00128.jpg</filename>
	<path>/home/xxx/car/cars_train/00128.jpg</path>
	<source>
		<database>Unknown</database>
	</source>
	<size>
		<width>438</width>
		<height>329</height>
		<depth>3</depth>
	</size>
	<segmented>0</segmented>
	<object>
		<name>f</name>
		<pose>Unspecified</pose>
		<truncated>0</truncated>
		<difficult>0</difficult>
		<bndbox>
			<xmin>32</xmin>
			<ymin>152</ymin>
			<xmax>407</xmax>
			<ymax>302</ymax>
		</bndbox>
	</object>
</annotation>
