<annotation>
	<folder>cars_train</folder>
	<filename>00126.jpg</filename>
	<path>/home/xxx/car/cars_train/00126.jpg</path>
	<source>
		<database>Unknown</database>
	</source>
	<size>
		<width>800</width>
		<height>533</height>
		<depth>3</depth>
	</size>
	<segmented>0</segmented>
	<object>
		<name>f</name>
		<pose>Unspecified</pose>
		<truncated>0</truncated>
		<difficult>0</difficult>
		<bndbox>
			<xmin>491</xmin>
			<ymin>217</ymin>
			<xmax>780</xmax>
			<ymax>491</ymax>
		</bndbox>
	</object>
</annotation>
