<annotation>
	<folder>cars_train</folder>
	<filename>00124.jpg</filename>
	<path>/home/xxx/car/cars_train/00124.jpg</path>
	<source>
		<database>Unknown</database>
	</source>
	<size>
		<width>285</width>
		<height>214</height>
		<depth>3</depth>
	</size>
	<segmented>0</segmented>
	<object>
		<name>f</name>
		<pose>Unspecified</pose>
		<truncated>0</truncated>
		<difficult>0</difficult>
		<bndbox>
			<xmin>9</xmin>
			<ymin>104</ymin>
			<xmax>74</xmax>
			<ymax>180</ymax>
		</bndbox>
	</object>
	<object>
		<name>h</name>
		<pose>Unspecified</pose>
		<truncated>0</truncated>
		<difficult>0</difficult>
		<bndbox>
			<xmin>236</xmin>
			<ymin>101</ymin>
			<xmax>281</xmax>
			<ymax>162</ymax>
		</bndbox>
	</object>
</annotation>
