<annotation>
	<folder>cars_train</folder>
	<filename>00120.jpg</filename>
	<path>/home/xxx/car/cars_train/00120.jpg</path>
	<source>
		<database>Unknown</database>
	</source>
	<size>
		<width>200</width>
		<height>150</height>
		<depth>3</depth>
	</size>
	<segmented>0</segmented>
	<object>
		<name>f</name>
		<pose>Unspecified</pose>
		<truncated>1</truncated>
		<difficult>0</difficult>
		<bndbox>
			<xmin>115</xmin>
			<ymin>42</ymin>
			<xmax>200</xmax>
			<ymax>134</ymax>
		</bndbox>
	</object>
</annotation>
