<annotation>
	<folder>cars_train</folder>
	<filename>00129.jpg</filename>
	<path>/home/xxx/car/cars_train/00129.jpg</path>
	<source>
		<database>Unknown</database>
	</source>
	<size>
		<width>607</width>
		<height>348</height>
		<depth>3</depth>
	</size>
	<segmented>0</segmented>
	<object>
		<name>f</name>
		<pose>Unspecified</pose>
		<truncated>0</truncated>
		<difficult>0</difficult>
		<bndbox>
			<xmin>14</xmin>
			<ymin>123</ymin>
			<xmax>277</xmax>
			<ymax>309</ymax>
		</bndbox>
	</object>
	<object>
		<name>h</name>
		<pose>Unspecified</pose>
		<truncated>1</truncated>
		<difficult>0</difficult>
		<bndbox>
			<xmin>549</xmin>
			<ymin>120</ymin>
			<xmax>607</xmax>
			<ymax>260</ymax>
		</bndbox>
	</object>
</annotation>
