<annotation>
	<folder>cars_train</folder>
	<filename>00136.jpg</filename>
	<path>/home/xxx/car/cars_train/00136.jpg</path>
	<source>
		<database>Unknown</database>
	</source>
	<size>
		<width>300</width>
		<height>225</height>
		<depth>3</depth>
	</size>
	<segmented>0</segmented>
	<object>
		<name>f</name>
		<pose>Unspecified</pose>
		<truncated>0</truncated>
		<difficult>0</difficult>
		<bndbox>
			<xmin>20</xmin>
			<ymin>75</ymin>
			<xmax>202</xmax>
			<ymax>185</ymax>
		</bndbox>
	</object>
	<object>
		<name>f</name>
		<pose>Unspecified</pose>
		<truncated>0</truncated>
		<difficult>0</difficult>
		<bndbox>
			<xmin>5</xmin>
			<ymin>62</ymin>
			<xmax>30</xmax>
			<ymax>80</ymax>
		</bndbox>
	</object>
</annotation>
