<annotation>
	<folder>cars_train</folder>
	<filename>00138.jpg</filename>
	<path>/home/xxx/car/cars_train/00138.jpg</path>
	<source>
		<database>Unknown</database>
	</source>
	<size>
		<width>1600</width>
		<height>1051</height>
		<depth>3</depth>
	</size>
	<segmented>0</segmented>
	<object>
		<name>h</name>
		<pose>Unspecified</pose>
		<truncated>0</truncated>
		<difficult>0</difficult>
		<bndbox>
			<xmin>609</xmin>
			<ymin>383</ymin>
			<xmax>1436</xmax>
			<ymax>901</ymax>
		</bndbox>
	</object>
</annotation>
