<annotation>
	<folder>cars_train</folder>
	<filename>00132.jpg</filename>
	<path>/home/xxx/car/cars_train/00132.jpg</path>
	<source>
		<database>Unknown</database>
	</source>
	<size>
		<width>640</width>
		<height>480</height>
		<depth>3</depth>
	</size>
	<segmented>0</segmented>
	<object>
		<name>f</name>
		<pose>Unspecified</pose>
		<truncated>0</truncated>
		<difficult>0</difficult>
		<bndbox>
			<xmin>88</xmin>
			<ymin>177</ymin>
			<xmax>443</xmax>
			<ymax>402</ymax>
		</bndbox>
	</object>
	<object>
		<name>h</name>
		<pose>Unspecified</pose>
		<truncated>1</truncated>
		<difficult>0</difficult>
		<bndbox>
			<xmin>607</xmin>
			<ymin>119</ymin>
			<xmax>640</xmax>
			<ymax>167</ymax>
		</bndbox>
	</object>
</annotation>
