<annotation>
	<folder>cars_train</folder>
	<filename>00131.jpg</filename>
	<path>/home/xxx/car/cars_train/00131.jpg</path>
	<source>
		<database>Unknown</database>
	</source>
	<size>
		<width>960</width>
		<height>720</height>
		<depth>3</depth>
	</size>
	<segmented>0</segmented>
	<object>
		<name>f</name>
		<pose>Unspecified</pose>
		<truncated>0</truncated>
		<difficult>0</difficult>
		<bndbox>
			<xmin>270</xmin>
			<ymin>264</ymin>
			<xmax>730</xmax>
			<ymax>495</ymax>
		</bndbox>
	</object>
</annotation>
