<annotation>
	<folder>cars_train</folder>
	<filename>00137.jpg</filename>
	<path>/home/xxx/car/cars_train/00137.jpg</path>
	<source>
		<database>Unknown</database>
	</source>
	<size>
		<width>640</width>
		<height>480</height>
		<depth>3</depth>
	</size>
	<segmented>0</segmented>
	<object>
		<name>f</name>
		<pose>Unspecified</pose>
		<truncated>0</truncated>
		<difficult>0</difficult>
		<bndbox>
			<xmin>381</xmin>
			<ymin>165</ymin>
			<xmax>594</xmax>
			<ymax>414</ymax>
		</bndbox>
	</object>
</annotation>
