<annotation>
	<folder>cars_train</folder>
	<filename>00139.jpg</filename>
	<path>/home/xxx/car/cars_train/00139.jpg</path>
	<source>
		<database>Unknown</database>
	</source>
	<size>
		<width>800</width>
		<height>535</height>
		<depth>3</depth>
	</size>
	<segmented>0</segmented>
	<object>
		<name>h</name>
		<pose>Unspecified</pose>
		<truncated>0</truncated>
		<difficult>0</difficult>
		<bndbox>
			<xmin>59</xmin>
			<ymin>250</ymin>
			<xmax>445</xmax>
			<ymax>491</ymax>
		</bndbox>
	</object>
</annotation>
