<annotation>
	<folder>cars_train</folder>
	<filename>00130.jpg</filename>
	<path>/home/xxx/car/cars_train/00130.jpg</path>
	<source>
		<database>Unknown</database>
	</source>
	<size>
		<width>640</width>
		<height>480</height>
		<depth>3</depth>
	</size>
	<segmented>0</segmented>
	<object>
		<name>f</name>
		<pose>Unspecified</pose>
		<truncated>0</truncated>
		<difficult>0</difficult>
		<bndbox>
			<xmin>75</xmin>
			<ymin>209</ymin>
			<xmax>313</xmax>
			<ymax>379</ymax>
		</bndbox>
	</object>
</annotation>
