<annotation>
	<folder>cars_train</folder>
	<filename>00135.jpg</filename>
	<path>/home/xxx/car/cars_train/00135.jpg</path>
	<source>
		<database>Unknown</database>
	</source>
	<size>
		<width>3264</width>
		<height>2448</height>
		<depth>3</depth>
	</size>
	<segmented>0</segmented>
	<object>
		<name>f</name>
		<pose>Unspecified</pose>
		<truncated>0</truncated>
		<difficult>0</difficult>
		<bndbox>
			<xmin>33</xmin>
			<ymin>1181</ymin>
			<xmax>1415</xmax>
			<ymax>2289</ymax>
		</bndbox>
	</object>
	<object>
		<name>h</name>
		<pose>Unspecified</pose>
		<truncated>1</truncated>
		<difficult>0</difficult>
		<bndbox>
			<xmin>3023</xmin>
			<ymin>861</ymin>
			<xmax>3264</xmax>
			<ymax>1079</ymax>
		</bndbox>
	</object>
</annotation>
