<annotation>
	<folder>cars_train</folder>
	<filename>00134.jpg</filename>
	<path>/home/xxx/car/cars_train/00134.jpg</path>
	<source>
		<database>Unknown</database>
	</source>
	<size>
		<width>270</width>
		<height>187</height>
		<depth>3</depth>
	</size>
	<segmented>0</segmented>
	<object>
		<name>f</name>
		<pose>Unspecified</pose>
		<truncated>0</truncated>
		<difficult>0</difficult>
		<bndbox>
			<xmin>2</xmin>
			<ymin>85</ymin>
			<xmax>119</xmax>
			<ymax>179</ymax>
		</bndbox>
	</object>
	<object>
		<name>h</name>
		<pose>Unspecified</pose>
		<truncated>1</truncated>
		<difficult>0</difficult>
		<bndbox>
			<xmin>206</xmin>
			<ymin>2</ymin>
			<xmax>270</xmax>
			<ymax>56</ymax>
		</bndbox>
	</object>
</annotation>
