<annotation>
	<folder>cars_train</folder>
	<filename>00146.jpg</filename>
	<path>/home/xxx/car/cars_train/00146.jpg</path>
	<source>
		<database>Unknown</database>
	</source>
	<size>
		<width>300</width>
		<height>166</height>
		<depth>3</depth>
	</size>
	<segmented>0</segmented>
	<object>
		<name>f</name>
		<pose>Unspecified</pose>
		<truncated>1</truncated>
		<difficult>0</difficult>
		<bndbox>
			<xmin>2</xmin>
			<ymin>55</ymin>
			<xmax>208</xmax>
			<ymax>166</ymax>
		</bndbox>
	</object>
</annotation>
