<annotation>
	<folder>cars_train</folder>
	<filename>00147.jpg</filename>
	<path>/home/xxx/car/cars_train/00147.jpg</path>
	<source>
		<database>Unknown</database>
	</source>
	<size>
		<width>787</width>
		<height>346</height>
		<depth>3</depth>
	</size>
	<segmented>0</segmented>
	<object>
		<name>f</name>
		<pose>Unspecified</pose>
		<truncated>1</truncated>
		<difficult>0</difficult>
		<bndbox>
			<xmin>611</xmin>
			<ymin>109</ymin>
			<xmax>787</xmax>
			<ymax>313</ymax>
		</bndbox>
	</object>
	<object>
		<name>h</name>
		<pose>Unspecified</pose>
		<truncated>0</truncated>
		<difficult>0</difficult>
		<bndbox>
			<xmin>8</xmin>
			<ymin>35</ymin>
			<xmax>113</xmax>
			<ymax>250</ymax>
		</bndbox>
	</object>
</annotation>
