<annotation>
	<folder>cars_train</folder>
	<filename>00142.jpg</filename>
	<path>/home/xxx/car/cars_train/00142.jpg</path>
	<source>
		<database>Unknown</database>
	</source>
	<size>
		<width>1024</width>
		<height>683</height>
		<depth>3</depth>
	</size>
	<segmented>0</segmented>
	<object>
		<name>f</name>
		<pose>Unspecified</pose>
		<truncated>0</truncated>
		<difficult>0</difficult>
		<bndbox>
			<xmin>67</xmin>
			<ymin>394</ymin>
			<xmax>369</xmax>
			<ymax>623</ymax>
		</bndbox>
	</object>
	<object>
		<name>h</name>
		<pose>Unspecified</pose>
		<truncated>0</truncated>
		<difficult>0</difficult>
		<bndbox>
			<xmin>826</xmin>
			<ymin>317</ymin>
			<xmax>974</xmax>
			<ymax>577</ymax>
		</bndbox>
	</object>
</annotation>
