<annotation>
	<folder>cars_train</folder>
	<filename>00141.jpg</filename>
	<path>/home/xxx/car/cars_train/00141.jpg</path>
	<source>
		<database>Unknown</database>
	</source>
	<size>
		<width>480</width>
		<height>360</height>
		<depth>3</depth>
	</size>
	<segmented>0</segmented>
	<object>
		<name>f</name>
		<pose>Unspecified</pose>
		<truncated>0</truncated>
		<difficult>0</difficult>
		<bndbox>
			<xmin>4</xmin>
			<ymin>154</ymin>
			<xmax>151</xmax>
			<ymax>267</ymax>
		</bndbox>
	</object>
	<object>
		<name>h</name>
		<pose>Unspecified</pose>
		<truncated>0</truncated>
		<difficult>0</difficult>
		<bndbox>
			<xmin>407</xmin>
			<ymin>133</ymin>
			<xmax>473</xmax>
			<ymax>232</ymax>
		</bndbox>
	</object>
</annotation>
