<annotation>
	<folder>cars_train</folder>
	<filename>00144.jpg</filename>
	<path>/home/xxx/car/cars_train/00144.jpg</path>
	<source>
		<database>Unknown</database>
	</source>
	<size>
		<width>355</width>
		<height>266</height>
		<depth>3</depth>
	</size>
	<segmented>0</segmented>
	<object>
		<name>h</name>
		<pose>Unspecified</pose>
		<truncated>0</truncated>
		<difficult>0</difficult>
		<bndbox>
			<xmin>170</xmin>
			<ymin>63</ymin>
			<xmax>288</xmax>
			<ymax>193</ymax>
		</bndbox>
	</object>
</annotation>
