<annotation>
	<folder>cars_train</folder>
	<filename>00140.jpg</filename>
	<path>/home/xxx/car/cars_train/00140.jpg</path>
	<source>
		<database>Unknown</database>
	</source>
	<size>
		<width>640</width>
		<height>480</height>
		<depth>3</depth>
	</size>
	<segmented>0</segmented>
	<object>
		<name>f</name>
		<pose>Unspecified</pose>
		<truncated>0</truncated>
		<difficult>0</difficult>
		<bndbox>
			<xmin>294</xmin>
			<ymin>204</ymin>
			<xmax>638</xmax>
			<ymax>444</ymax>
		</bndbox>
	</object>
</annotation>
