<annotation>
	<folder>cars_train</folder>
	<filename>00143.jpg</filename>
	<path>/home/xxx/car/cars_train/00143.jpg</path>
	<source>
		<database>Unknown</database>
	</source>
	<size>
		<width>665</width>
		<height>429</height>
		<depth>3</depth>
	</size>
	<segmented>0</segmented>
	<object>
		<name>f</name>
		<pose>Unspecified</pose>
		<truncated>0</truncated>
		<difficult>0</difficult>
		<bndbox>
			<xmin>175</xmin>
			<ymin>175</ymin>
			<xmax>579</xmax>
			<ymax>427</ymax>
		</bndbox>
	</object>
</annotation>
