<annotation>
	<folder>cars_train</folder>
	<filename>00148.jpg</filename>
	<path>/home/xxx/car/cars_train/00148.jpg</path>
	<source>
		<database>Unknown</database>
	</source>
	<size>
		<width>640</width>
		<height>480</height>
		<depth>3</depth>
	</size>
	<segmented>0</segmented>
	<object>
		<name>f</name>
		<pose>Unspecified</pose>
		<truncated>1</truncated>
		<difficult>0</difficult>
		<bndbox>
			<xmin>305</xmin>
			<ymin>146</ymin>
			<xmax>640</xmax>
			<ymax>390</ymax>
		</bndbox>
	</object>
</annotation>
