<annotation>
	<folder>cars_train</folder>
	<filename>00145.jpg</filename>
	<path>/home/xxx/car/cars_train/00145.jpg</path>
	<source>
		<database>Unknown</database>
	</source>
	<size>
		<width>1500</width>
		<height>938</height>
		<depth>3</depth>
	</size>
	<segmented>0</segmented>
	<object>
		<name>f</name>
		<pose>Unspecified</pose>
		<truncated>0</truncated>
		<difficult>0</difficult>
		<bndbox>
			<xmin>95</xmin>
			<ymin>291</ymin>
			<xmax>1291</xmax>
			<ymax>908</ymax>
		</bndbox>
	</object>
</annotation>
