<annotation>
	<folder>cars_train</folder>
	<filename>00154.jpg</filename>
	<path>/home/xxx/car/cars_train/00154.jpg</path>
	<source>
		<database>Unknown</database>
	</source>
	<size>
		<width>400</width>
		<height>260</height>
		<depth>3</depth>
	</size>
	<segmented>0</segmented>
	<object>
		<name>f</name>
		<pose>Unspecified</pose>
		<truncated>0</truncated>
		<difficult>0</difficult>
		<bndbox>
			<xmin>181</xmin>
			<ymin>131</ymin>
			<xmax>394</xmax>
			<ymax>259</ymax>
		</bndbox>
	</object>
	<object>
		<name>h</name>
		<pose>Unspecified</pose>
		<truncated>0</truncated>
		<difficult>0</difficult>
		<bndbox>
			<xmin>12</xmin>
			<ymin>142</ymin>
			<xmax>56</xmax>
			<ymax>204</ymax>
		</bndbox>
	</object>
</annotation>
