<annotation>
	<folder>cars_train</folder>
	<filename>00150.jpg</filename>
	<path>/home/xxx/car/cars_train/00150.jpg</path>
	<source>
		<database>Unknown</database>
	</source>
	<size>
		<width>608</width>
		<height>456</height>
		<depth>3</depth>
	</size>
	<segmented>0</segmented>
	<object>
		<name>f</name>
		<pose>Unspecified</pose>
		<truncated>0</truncated>
		<difficult>0</difficult>
		<bndbox>
			<xmin>476</xmin>
			<ymin>252</ymin>
			<xmax>599</xmax>
			<ymax>395</ymax>
		</bndbox>
	</object>
	<object>
		<name>h</name>
		<pose>Unspecified</pose>
		<truncated>0</truncated>
		<difficult>0</difficult>
		<bndbox>
			<xmin>5</xmin>
			<ymin>198</ymin>
			<xmax>92</xmax>
			<ymax>361</ymax>
		</bndbox>
	</object>
</annotation>
