<annotation>
	<folder>cars_train</folder>
	<filename>00153.jpg</filename>
	<path>/home/xxx/car/cars_train/00153.jpg</path>
	<source>
		<database>Unknown</database>
	</source>
	<size>
		<width>640</width>
		<height>480</height>
		<depth>3</depth>
	</size>
	<segmented>0</segmented>
	<object>
		<name>f</name>
		<pose>Unspecified</pose>
		<truncated>0</truncated>
		<difficult>0</difficult>
		<bndbox>
			<xmin>7</xmin>
			<ymin>184</ymin>
			<xmax>192</xmax>
			<ymax>390</ymax>
		</bndbox>
	</object>
	<object>
		<name>h</name>
		<pose>Unspecified</pose>
		<truncated>0</truncated>
		<difficult>0</difficult>
		<bndbox>
			<xmin>547</xmin>
			<ymin>157</ymin>
			<xmax>635</xmax>
			<ymax>332</ymax>
		</bndbox>
	</object>
</annotation>
