<annotation>
	<folder>cars_train</folder>
	<filename>00158.jpg</filename>
	<path>/home/xxx/car/cars_train/00158.jpg</path>
	<source>
		<database>Unknown</database>
	</source>
	<size>
		<width>1280</width>
		<height>960</height>
		<depth>3</depth>
	</size>
	<segmented>0</segmented>
	<object>
		<name>f</name>
		<pose>Unspecified</pose>
		<truncated>0</truncated>
		<difficult>0</difficult>
		<bndbox>
			<xmin>47</xmin>
			<ymin>548</ymin>
			<xmax>537</xmax>
			<ymax>917</ymax>
		</bndbox>
	</object>
	<object>
		<name>h</name>
		<pose>Unspecified</pose>
		<truncated>0</truncated>
		<difficult>0</difficult>
		<bndbox>
			<xmin>1030</xmin>
			<ymin>491</ymin>
			<xmax>1240</xmax>
			<ymax>840</ymax>
		</bndbox>
	</object>
</annotation>
