<annotation>
	<folder>cars_train</folder>
	<filename>00151.jpg</filename>
	<path>/home/xxx/car/cars_train/00151.jpg</path>
	<source>
		<database>Unknown</database>
	</source>
	<size>
		<width>300</width>
		<height>182</height>
		<depth>3</depth>
	</size>
	<segmented>0</segmented>
	<object>
		<name>h</name>
		<pose>Unspecified</pose>
		<truncated>0</truncated>
		<difficult>0</difficult>
		<bndbox>
			<xmin>9</xmin>
			<ymin>53</ymin>
			<xmax>121</xmax>
			<ymax>152</ymax>
		</bndbox>
	</object>
</annotation>
