<annotation>
	<folder>cars_train</folder>
	<filename>00156.jpg</filename>
	<path>/home/xxx/car/cars_train/00156.jpg</path>
	<source>
		<database>Unknown</database>
	</source>
	<size>
		<width>250</width>
		<height>166</height>
		<depth>3</depth>
	</size>
	<segmented>0</segmented>
	<object>
		<name>h</name>
		<pose>Unspecified</pose>
		<truncated>0</truncated>
		<difficult>0</difficult>
		<bndbox>
			<xmin>101</xmin>
			<ymin>17</ymin>
			<xmax>215</xmax>
			<ymax>132</ymax>
		</bndbox>
	</object>
</annotation>
