<annotation>
	<folder>cars_train</folder>
	<filename>00166.jpg</filename>
	<path>/home/xxx/car/cars_train/00166.jpg</path>
	<source>
		<database>Unknown</database>
	</source>
	<size>
		<width>424</width>
		<height>360</height>
		<depth>3</depth>
	</size>
	<segmented>0</segmented>
	<object>
		<name>f</name>
		<pose>Unspecified</pose>
		<truncated>1</truncated>
		<difficult>0</difficult>
		<bndbox>
			<xmin>334</xmin>
			<ymin>108</ymin>
			<xmax>424</xmax>
			<ymax>204</ymax>
		</bndbox>
	</object>
	<object>
		<name>h</name>
		<pose>Unspecified</pose>
		<truncated>0</truncated>
		<difficult>0</difficult>
		<bndbox>
			<xmin>7</xmin>
			<ymin>77</ymin>
			<xmax>122</xmax>
			<ymax>228</ymax>
		</bndbox>
	</object>
</annotation>
