<annotation>
	<folder>cars_train</folder>
	<filename>00160.jpg</filename>
	<path>/home/xxx/car/cars_train/00160.jpg</path>
	<source>
		<database>Unknown</database>
	</source>
	<size>
		<width>625</width>
		<height>350</height>
		<depth>3</depth>
	</size>
	<segmented>0</segmented>
	<object>
		<name>f</name>
		<pose>Unspecified</pose>
		<truncated>0</truncated>
		<difficult>0</difficult>
		<bndbox>
			<xmin>112</xmin>
			<ymin>113</ymin>
			<xmax>402</xmax>
			<ymax>291</ymax>
		</bndbox>
	</object>
</annotation>
