<annotation>
	<folder>cars_train</folder>
	<filename>00163.jpg</filename>
	<path>/home/xxx/car/cars_train/00163.jpg</path>
	<source>
		<database>Unknown</database>
	</source>
	<size>
		<width>700</width>
		<height>525</height>
		<depth>3</depth>
	</size>
	<segmented>0</segmented>
	<object>
		<name>f</name>
		<pose>Unspecified</pose>
		<truncated>0</truncated>
		<difficult>0</difficult>
		<bndbox>
			<xmin>35</xmin>
			<ymin>162</ymin>
			<xmax>474</xmax>
			<ymax>427</ymax>
		</bndbox>
	</object>
</annotation>
