<annotation>
	<folder>cars_train</folder>
	<filename>00168.jpg</filename>
	<path>/home/xxx/car/cars_train/00168.jpg</path>
	<source>
		<database>Unknown</database>
	</source>
	<size>
		<width>640</width>
		<height>480</height>
		<depth>3</depth>
	</size>
	<segmented>0</segmented>
	<object>
		<name>f</name>
		<pose>Unspecified</pose>
		<truncated>0</truncated>
		<difficult>0</difficult>
		<bndbox>
			<xmin>593</xmin>
			<ymin>125</ymin>
			<xmax>619</xmax>
			<ymax>171</ymax>
		</bndbox>
	</object>
	<object>
		<name>h</name>
		<pose>Unspecified</pose>
		<truncated>0</truncated>
		<difficult>0</difficult>
		<bndbox>
			<xmin>116</xmin>
			<ymin>180</ymin>
			<xmax>537</xmax>
			<ymax>406</ymax>
		</bndbox>
	</object>
</annotation>
