<annotation>
	<folder>cars_train</folder>
	<filename>00167.jpg</filename>
	<path>/home/xxx/car/cars_train/00167.jpg</path>
	<source>
		<database>Unknown</database>
	</source>
	<size>
		<width>440</width>
		<height>275</height>
		<depth>3</depth>
	</size>
	<segmented>0</segmented>
	<object>
		<name>f</name>
		<pose>Unspecified</pose>
		<truncated>0</truncated>
		<difficult>0</difficult>
		<bndbox>
			<xmin>18</xmin>
			<ymin>84</ymin>
			<xmax>313</xmax>
			<ymax>266</ymax>
		</bndbox>
	</object>
</annotation>
