<annotation>
	<folder>cars_train</folder>
	<filename>00169.jpg</filename>
	<path>/home/xxx/car/cars_train/00169.jpg</path>
	<source>
		<database>Unknown</database>
	</source>
	<size>
		<width>140</width>
		<height>104</height>
		<depth>3</depth>
	</size>
	<segmented>0</segmented>
	<object>
		<name>f</name>
		<pose>Unspecified</pose>
		<truncated>1</truncated>
		<difficult>0</difficult>
		<bndbox>
			<xmin>122</xmin>
			<ymin>36</ymin>
			<xmax>140</xmax>
			<ymax>76</ymax>
		</bndbox>
	</object>
	<object>
		<name>h</name>
		<pose>Unspecified</pose>
		<truncated>0</truncated>
		<difficult>0</difficult>
		<bndbox>
			<xmin>2</xmin>
			<ymin>19</ymin>
			<xmax>37</xmax>
			<ymax>80</ymax>
		</bndbox>
	</object>
</annotation>
