<annotation>
	<folder>cars_train</folder>
	<filename>00165.jpg</filename>
	<path>/home/xxx/car/cars_train/00165.jpg</path>
	<source>
		<database>Unknown</database>
	</source>
	<size>
		<width>500</width>
		<height>221</height>
		<depth>3</depth>
	</size>
	<segmented>0</segmented>
	<object>
		<name>f</name>
		<pose>Unspecified</pose>
		<truncated>1</truncated>
		<difficult>0</difficult>
		<bndbox>
			<xmin>399</xmin>
			<ymin>113</ymin>
			<xmax>500</xmax>
			<ymax>221</ymax>
		</bndbox>
	</object>
	<object>
		<name>h</name>
		<pose>Unspecified</pose>
		<truncated>0</truncated>
		<difficult>0</difficult>
		<bndbox>
			<xmin>31</xmin>
			<ymin>92</ymin>
			<xmax>124</xmax>
			<ymax>219</ymax>
		</bndbox>
	</object>
</annotation>
