<annotation>
	<folder>cars_train</folder>
	<filename>00172.jpg</filename>
	<path>/home/xxx/car/cars_train/00172.jpg</path>
	<source>
		<database>Unknown</database>
	</source>
	<size>
		<width>500</width>
		<height>305</height>
		<depth>3</depth>
	</size>
	<segmented>0</segmented>
	<object>
		<name>f</name>
		<pose>Unspecified</pose>
		<truncated>1</truncated>
		<difficult>0</difficult>
		<bndbox>
			<xmin>335</xmin>
			<ymin>153</ymin>
			<xmax>500</xmax>
			<ymax>279</ymax>
		</bndbox>
	</object>
	<object>
		<name>h</name>
		<pose>Unspecified</pose>
		<truncated>0</truncated>
		<difficult>0</difficult>
		<bndbox>
			<xmin>11</xmin>
			<ymin>114</ymin>
			<xmax>102</xmax>
			<ymax>255</ymax>
		</bndbox>
	</object>
</annotation>
