<annotation>
	<folder>cars_train</folder>
	<filename>00171.jpg</filename>
	<path>/home/xxx/car/cars_train/00171.jpg</path>
	<source>
		<database>Unknown</database>
	</source>
	<size>
		<width>300</width>
		<height>183</height>
		<depth>3</depth>
	</size>
	<segmented>0</segmented>
	<object>
		<name>h</name>
		<pose>Unspecified</pose>
		<truncated>0</truncated>
		<difficult>0</difficult>
		<bndbox>
			<xmin>36</xmin>
			<ymin>61</ymin>
			<xmax>227</xmax>
			<ymax>169</ymax>
		</bndbox>
	</object>
</annotation>
