<annotation>
	<folder>cars_train</folder>
	<filename>00177.jpg</filename>
	<path>/home/xxx/car/cars_train/00177.jpg</path>
	<source>
		<database>Unknown</database>
	</source>
	<size>
		<width>700</width>
		<height>326</height>
		<depth>3</depth>
	</size>
	<segmented>0</segmented>
	<object>
		<name>f</name>
		<pose>Unspecified</pose>
		<truncated>1</truncated>
		<difficult>0</difficult>
		<bndbox>
			<xmin>54</xmin>
			<ymin>103</ymin>
			<xmax>514</xmax>
			<ymax>326</ymax>
		</bndbox>
	</object>
</annotation>
