<annotation>
	<folder>cars_train</folder>
	<filename>00175.jpg</filename>
	<path>/home/xxx/car/cars_train/00175.jpg</path>
	<source>
		<database>Unknown</database>
	</source>
	<size>
		<width>800</width>
		<height>533</height>
		<depth>3</depth>
	</size>
	<segmented>0</segmented>
	<object>
		<name>h</name>
		<pose>Unspecified</pose>
		<truncated>0</truncated>
		<difficult>0</difficult>
		<bndbox>
			<xmin>53</xmin>
			<ymin>110</ymin>
			<xmax>403</xmax>
			<ymax>488</ymax>
		</bndbox>
	</object>
</annotation>
