<annotation>
	<folder>cars_train</folder>
	<filename>00173.jpg</filename>
	<path>/home/xxx/car/cars_train/00173.jpg</path>
	<source>
		<database>Unknown</database>
	</source>
	<size>
		<width>530</width>
		<height>398</height>
		<depth>3</depth>
	</size>
	<segmented>0</segmented>
	<object>
		<name>f</name>
		<pose>Unspecified</pose>
		<truncated>0</truncated>
		<difficult>0</difficult>
		<bndbox>
			<xmin>8</xmin>
			<ymin>114</ymin>
			<xmax>422</xmax>
			<ymax>333</ymax>
		</bndbox>
	</object>
</annotation>
