<annotation>
	<folder>cars_train</folder>
	<filename>00174.jpg</filename>
	<path>/home/xxx/car/cars_train/00174.jpg</path>
	<source>
		<database>Unknown</database>
	</source>
	<size>
		<width>259</width>
		<height>194</height>
		<depth>3</depth>
	</size>
	<segmented>0</segmented>
	<object>
		<name>f</name>
		<pose>Unspecified</pose>
		<truncated>0</truncated>
		<difficult>0</difficult>
		<bndbox>
			<xmin>5</xmin>
			<ymin>70</ymin>
			<xmax>136</xmax>
			<ymax>157</ymax>
		</bndbox>
	</object>
</annotation>
