<annotation>
	<folder>cars_train</folder>
	<filename>00180.jpg</filename>
	<path>/home/xxx/car/cars_train/00180.jpg</path>
	<source>
		<database>Unknown</database>
	</source>
	<size>
		<width>300</width>
		<height>189</height>
		<depth>3</depth>
	</size>
	<segmented>0</segmented>
	<object>
		<name>f</name>
		<pose>Unspecified</pose>
		<truncated>0</truncated>
		<difficult>0</difficult>
		<bndbox>
			<xmin>5</xmin>
			<ymin>66</ymin>
			<xmax>89</xmax>
			<ymax>154</ymax>
		</bndbox>
	</object>
	<object>
		<name>h</name>
		<pose>Unspecified</pose>
		<truncated>0</truncated>
		<difficult>0</difficult>
		<bndbox>
			<xmin>256</xmin>
			<ymin>49</ymin>
			<xmax>296</xmax>
			<ymax>134</ymax>
		</bndbox>
	</object>
</annotation>
