<annotation>
	<folder>cars_train</folder>
	<filename>00185.jpg</filename>
	<path>/home/xxx/car/cars_train/00185.jpg</path>
	<source>
		<database>Unknown</database>
	</source>
	<size>
		<width>640</width>
		<height>480</height>
		<depth>3</depth>
	</size>
	<segmented>0</segmented>
	<object>
		<name>f</name>
		<pose>Unspecified</pose>
		<truncated>0</truncated>
		<difficult>0</difficult>
		<bndbox>
			<xmin>4</xmin>
			<ymin>127</ymin>
			<xmax>61</xmax>
			<ymax>181</ymax>
		</bndbox>
	</object>
	<object>
		<name>h</name>
		<pose>Unspecified</pose>
		<truncated>0</truncated>
		<difficult>0</difficult>
		<bndbox>
			<xmin>252</xmin>
			<ymin>63</ymin>
			<xmax>597</xmax>
			<ymax>386</ymax>
		</bndbox>
	</object>
</annotation>
