<annotation>
	<folder>cars_train</folder>
	<filename>00186.jpg</filename>
	<path>/home/xxx/car/cars_train/00186.jpg</path>
	<source>
		<database>Unknown</database>
	</source>
	<size>
		<width>266</width>
		<height>199</height>
		<depth>3</depth>
	</size>
	<segmented>0</segmented>
	<object>
		<name>f</name>
		<pose>Unspecified</pose>
		<truncated>0</truncated>
		<difficult>0</difficult>
		<bndbox>
			<xmin>3</xmin>
			<ymin>85</ymin>
			<xmax>75</xmax>
			<ymax>178</ymax>
		</bndbox>
	</object>
	<object>
		<name>h</name>
		<pose>Unspecified</pose>
		<truncated>0</truncated>
		<difficult>0</difficult>
		<bndbox>
			<xmin>212</xmin>
			<ymin>81</ymin>
			<xmax>260</xmax>
			<ymax>168</ymax>
		</bndbox>
	</object>
</annotation>
