<annotation>
	<folder>cars_train</folder>
	<filename>00182.jpg</filename>
	<path>/home/xxx/car/cars_train/00182.jpg</path>
	<source>
		<database>Unknown</database>
	</source>
	<size>
		<width>1024</width>
		<height>733</height>
		<depth>3</depth>
	</size>
	<segmented>0</segmented>
	<object>
		<name>f</name>
		<pose>Unspecified</pose>
		<truncated>0</truncated>
		<difficult>0</difficult>
		<bndbox>
			<xmin>28</xmin>
			<ymin>324</ymin>
			<xmax>347</xmax>
			<ymax>633</ymax>
		</bndbox>
	</object>
	<object>
		<name>h</name>
		<pose>Unspecified</pose>
		<truncated>0</truncated>
		<difficult>0</difficult>
		<bndbox>
			<xmin>875</xmin>
			<ymin>289</ymin>
			<xmax>985</xmax>
			<ymax>566</ymax>
		</bndbox>
	</object>
</annotation>
