<annotation>
	<folder>cars_train</folder>
	<filename>00183.jpg</filename>
	<path>/home/xxx/car/cars_train/00183.jpg</path>
	<source>
		<database>Unknown</database>
	</source>
	<size>
		<width>200</width>
		<height>150</height>
		<depth>3</depth>
	</size>
	<segmented>0</segmented>
	<object>
		<name>f</name>
		<pose>Unspecified</pose>
		<truncated>0</truncated>
		<difficult>0</difficult>
		<bndbox>
			<xmin>4</xmin>
			<ymin>42</ymin>
			<xmax>107</xmax>
			<ymax>132</ymax>
		</bndbox>
	</object>
</annotation>
