<annotation>
	<folder>cars_train</folder>
	<filename>00188.jpg</filename>
	<path>/home/xxx/car/cars_train/00188.jpg</path>
	<source>
		<database>Unknown</database>
	</source>
	<size>
		<width>1280</width>
		<height>853</height>
		<depth>3</depth>
	</size>
	<segmented>0</segmented>
	<object>
		<name>f</name>
		<pose>Unspecified</pose>
		<truncated>1</truncated>
		<difficult>0</difficult>
		<bndbox>
			<xmin>380</xmin>
			<ymin>259</ymin>
			<xmax>1280</xmax>
			<ymax>811</ymax>
		</bndbox>
	</object>
</annotation>
