<annotation>
	<folder>cars_train</folder>
	<filename>00184.jpg</filename>
	<path>/home/xxx/car/cars_train/00184.jpg</path>
	<source>
		<database>Unknown</database>
	</source>
	<size>
		<width>640</width>
		<height>426</height>
		<depth>3</depth>
	</size>
	<segmented>0</segmented>
	<object>
		<name>f</name>
		<pose>Unspecified</pose>
		<truncated>0</truncated>
		<difficult>0</difficult>
		<bndbox>
			<xmin>32</xmin>
			<ymin>144</ymin>
			<xmax>436</xmax>
			<ymax>355</ymax>
		</bndbox>
	</object>
	<object>
		<name>h</name>
		<pose>Unspecified</pose>
		<truncated>0</truncated>
		<difficult>0</difficult>
		<bndbox>
			<xmin>128</xmin>
			<ymin>50</ymin>
			<xmax>281</xmax>
			<ymax>130</ymax>
		</bndbox>
	</object>
</annotation>
