<annotation>
	<folder>cars_train</folder>
	<filename>00181.jpg</filename>
	<path>/home/xxx/car/cars_train/00181.jpg</path>
	<source>
		<database>Unknown</database>
	</source>
	<size>
		<width>1024</width>
		<height>768</height>
		<depth>3</depth>
	</size>
	<segmented>0</segmented>
	<object>
		<name>f</name>
		<pose>Unspecified</pose>
		<truncated>0</truncated>
		<difficult>0</difficult>
		<bndbox>
			<xmin>513</xmin>
			<ymin>381</ymin>
			<xmax>950</xmax>
			<ymax>742</ymax>
		</bndbox>
	</object>
	<object>
		<name>f</name>
		<pose>Unspecified</pose>
		<truncated>0</truncated>
		<difficult>0</difficult>
		<bndbox>
			<xmin>765</xmin>
			<ymin>298</ymin>
			<xmax>883</xmax>
			<ymax>371</ymax>
		</bndbox>
	</object>
	<object>
		<name>h</name>
		<pose>Unspecified</pose>
		<truncated>0</truncated>
		<difficult>0</difficult>
		<bndbox>
			<xmin>632</xmin>
			<ymin>242</ymin>
			<xmax>787</xmax>
			<ymax>370</ymax>
		</bndbox>
	</object>
</annotation>
