<annotation>
	<folder>cars_train</folder>
	<filename>00187.jpg</filename>
	<path>/home/xxx/car/cars_train/00187.jpg</path>
	<source>
		<database>Unknown</database>
	</source>
	<size>
		<width>1600</width>
		<height>1200</height>
		<depth>3</depth>
	</size>
	<segmented>0</segmented>
	<object>
		<name>f</name>
		<pose>Unspecified</pose>
		<truncated>0</truncated>
		<difficult>0</difficult>
		<bndbox>
			<xmin>7</xmin>
			<ymin>440</ymin>
			<xmax>444</xmax>
			<ymax>962</ymax>
		</bndbox>
	</object>
	<object>
		<name>h</name>
		<pose>Unspecified</pose>
		<truncated>1</truncated>
		<difficult>0</difficult>
		<bndbox>
			<xmin>1272</xmin>
			<ymin>413</ymin>
			<xmax>1600</xmax>
			<ymax>887</ymax>
		</bndbox>
	</object>
</annotation>
