<annotation>
	<folder>cars_train</folder>
	<filename>00195.jpg</filename>
	<path>/home/xxx/car/cars_train/00195.jpg</path>
	<source>
		<database>Unknown</database>
	</source>
	<size>
		<width>1440</width>
		<height>1080</height>
		<depth>3</depth>
	</size>
	<segmented>0</segmented>
	<object>
		<name>f</name>
		<pose>Unspecified</pose>
		<truncated>0</truncated>
		<difficult>0</difficult>
		<bndbox>
			<xmin>136</xmin>
			<ymin>465</ymin>
			<xmax>355</xmax>
			<ymax>766</ymax>
		</bndbox>
	</object>
	<object>
		<name>h</name>
		<pose>Unspecified</pose>
		<truncated>0</truncated>
		<difficult>0</difficult>
		<bndbox>
			<xmin>964</xmin>
			<ymin>311</ymin>
			<xmax>1352</xmax>
			<ymax>740</ymax>
		</bndbox>
	</object>
</annotation>
