<annotation>
	<folder>cars_train</folder>
	<filename>00193.jpg</filename>
	<path>/home/xxx/car/cars_train/00193.jpg</path>
	<source>
		<database>Unknown</database>
	</source>
	<size>
		<width>1024</width>
		<height>768</height>
		<depth>3</depth>
	</size>
	<segmented>0</segmented>
	<object>
		<name>f</name>
		<pose>Unspecified</pose>
		<truncated>0</truncated>
		<difficult>0</difficult>
		<bndbox>
			<xmin>104</xmin>
			<ymin>303</ymin>
			<xmax>603</xmax>
			<ymax>692</ymax>
		</bndbox>
	</object>
	<object>
		<name>f</name>
		<pose>Unspecified</pose>
		<truncated>1</truncated>
		<difficult>0</difficult>
		<bndbox>
			<xmin>1</xmin>
			<ymin>292</ymin>
			<xmax>102</xmax>
			<ymax>452</ymax>
		</bndbox>
	</object>
</annotation>
