<annotation>
	<folder>cars_train</folder>
	<filename>00194.jpg</filename>
	<path>/home/xxx/car/cars_train/00194.jpg</path>
	<source>
		<database>Unknown</database>
	</source>
	<size>
		<width>1280</width>
		<height>782</height>
		<depth>3</depth>
	</size>
	<segmented>0</segmented>
	<object>
		<name>f</name>
		<pose>Unspecified</pose>
		<truncated>0</truncated>
		<difficult>0</difficult>
		<bndbox>
			<xmin>134</xmin>
			<ymin>460</ymin>
			<xmax>760</xmax>
			<ymax>760</ymax>
		</bndbox>
	</object>
</annotation>
