<annotation>
	<folder>cars_train</folder>
	<filename>00190.jpg</filename>
	<path>/home/xxx/car/cars_train/00190.jpg</path>
	<source>
		<database>Unknown</database>
	</source>
	<size>
		<width>1280</width>
		<height>960</height>
		<depth>3</depth>
	</size>
	<segmented>0</segmented>
	<object>
		<name>f</name>
		<pose>Unspecified</pose>
		<truncated>0</truncated>
		<difficult>0</difficult>
		<bndbox>
			<xmin>132</xmin>
			<ymin>464</ymin>
			<xmax>837</xmax>
			<ymax>942</ymax>
		</bndbox>
	</object>
</annotation>
