<annotation>
	<folder>cars_train</folder>
	<filename>00192.jpg</filename>
	<path>/home/xxx/car/cars_train/00192.jpg</path>
	<source>
		<database>Unknown</database>
	</source>
	<size>
		<width>300</width>
		<height>225</height>
		<depth>3</depth>
	</size>
	<segmented>0</segmented>
	<object>
		<name>f</name>
		<pose>Unspecified</pose>
		<truncated>0</truncated>
		<difficult>0</difficult>
		<bndbox>
			<xmin>25</xmin>
			<ymin>70</ymin>
			<xmax>273</xmax>
			<ymax>220</ymax>
		</bndbox>
	</object>
</annotation>
