<annotation>
	<folder>cars_train</folder>
	<filename>00197.jpg</filename>
	<path>/home/xxx/car/cars_train/00197.jpg</path>
	<source>
		<database>Unknown</database>
	</source>
	<size>
		<width>540</width>
		<height>436</height>
		<depth>3</depth>
	</size>
	<segmented>0</segmented>
	<object>
		<name>f</name>
		<pose>Unspecified</pose>
		<truncated>0</truncated>
		<difficult>0</difficult>
		<bndbox>
			<xmin>26</xmin>
			<ymin>203</ymin>
			<xmax>332</xmax>
			<ymax>365</ymax>
		</bndbox>
	</object>
	<object>
		<name>h</name>
		<pose>Unspecified</pose>
		<truncated>0</truncated>
		<difficult>0</difficult>
		<bndbox>
			<xmin>420</xmin>
			<ymin>144</ymin>
			<xmax>498</xmax>
			<ymax>341</ymax>
		</bndbox>
	</object>
</annotation>
