<annotation>
	<folder>cars_train</folder>
	<filename>00196.jpg</filename>
	<path>/home/xxx/car/cars_train/00196.jpg</path>
	<source>
		<database>Unknown</database>
	</source>
	<size>
		<width>300</width>
		<height>225</height>
		<depth>3</depth>
	</size>
	<segmented>0</segmented>
	<object>
		<name>f</name>
		<pose>Unspecified</pose>
		<truncated>0</truncated>
		<difficult>0</difficult>
		<bndbox>
			<xmin>5</xmin>
			<ymin>64</ymin>
			<xmax>56</xmax>
			<ymax>99</ymax>
		</bndbox>
	</object>
	<object>
		<name>h</name>
		<pose>Unspecified</pose>
		<truncated>0</truncated>
		<difficult>0</difficult>
		<bndbox>
			<xmin>102</xmin>
			<ymin>50</ymin>
			<xmax>277</xmax>
			<ymax>200</ymax>
		</bndbox>
	</object>
</annotation>
