<annotation>
	<folder>cars_train</folder>
	<filename>00203.jpg</filename>
	<path>/home/xxx/car/cars_train/00203.jpg</path>
	<source>
		<database>Unknown</database>
	</source>
	<size>
		<width>960</width>
		<height>640</height>
		<depth>3</depth>
	</size>
	<segmented>0</segmented>
	<object>
		<name>f</name>
		<pose>Unspecified</pose>
		<truncated>0</truncated>
		<difficult>0</difficult>
		<bndbox>
			<xmin>17</xmin>
			<ymin>254</ymin>
			<xmax>197</xmax>
			<ymax>497</ymax>
		</bndbox>
	</object>
	<object>
		<name>h</name>
		<pose>Unspecified</pose>
		<truncated>0</truncated>
		<difficult>0</difficult>
		<bndbox>
			<xmin>472</xmin>
			<ymin>159</ymin>
			<xmax>941</xmax>
			<ymax>566</ymax>
		</bndbox>
	</object>
</annotation>
