<annotation>
	<folder>cars_train</folder>
	<filename>00202.jpg</filename>
	<path>/home/xxx/car/cars_train/00202.jpg</path>
	<source>
		<database>Unknown</database>
	</source>
	<size>
		<width>1600</width>
		<height>1067</height>
		<depth>3</depth>
	</size>
	<segmented>0</segmented>
	<object>
		<name>f</name>
		<pose>Unspecified</pose>
		<truncated>0</truncated>
		<difficult>0</difficult>
		<bndbox>
			<xmin>239</xmin>
			<ymin>337</ymin>
			<xmax>977</xmax>
			<ymax>821</ymax>
		</bndbox>
	</object>
</annotation>
