<annotation>
	<folder>cars_train</folder>
	<filename>00204.jpg</filename>
	<path>/home/xxx/car/cars_train/00204.jpg</path>
	<source>
		<database>Unknown</database>
	</source>
	<size>
		<width>300</width>
		<height>169</height>
		<depth>3</depth>
	</size>
	<segmented>0</segmented>
	<object>
		<name>f</name>
		<pose>Unspecified</pose>
		<truncated>0</truncated>
		<difficult>0</difficult>
		<bndbox>
			<xmin>10</xmin>
			<ymin>87</ymin>
			<xmax>87</xmax>
			<ymax>153</ymax>
		</bndbox>
	</object>
	<object>
		<name>h</name>
		<pose>Unspecified</pose>
		<truncated>0</truncated>
		<difficult>0</difficult>
		<bndbox>
			<xmin>214</xmin>
			<ymin>63</ymin>
			<xmax>288</xmax>
			<ymax>147</ymax>
		</bndbox>
	</object>
</annotation>
