<annotation>
	<folder>cars_train</folder>
	<filename>00207.jpg</filename>
	<path>/home/xxx/car/cars_train/00207.jpg</path>
	<source>
		<database>Unknown</database>
	</source>
	<size>
		<width>470</width>
		<height>372</height>
		<depth>3</depth>
	</size>
	<segmented>0</segmented>
	<object>
		<name>f</name>
		<pose>Unspecified</pose>
		<truncated>1</truncated>
		<difficult>0</difficult>
		<bndbox>
			<xmin>262</xmin>
			<ymin>151</ymin>
			<xmax>470</xmax>
			<ymax>278</ymax>
		</bndbox>
	</object>
	<object>
		<name>h</name>
		<pose>Unspecified</pose>
		<truncated>0</truncated>
		<difficult>0</difficult>
		<bndbox>
			<xmin>18</xmin>
			<ymin>139</ymin>
			<xmax>115</xmax>
			<ymax>258</ymax>
		</bndbox>
	</object>
</annotation>
