<annotation>
	<folder>cars_train</folder>
	<filename>00201.jpg</filename>
	<path>/home/xxx/car/cars_train/00201.jpg</path>
	<source>
		<database>Unknown</database>
	</source>
	<size>
		<width>400</width>
		<height>200</height>
		<depth>3</depth>
	</size>
	<segmented>0</segmented>
	<object>
		<name>f</name>
		<pose>Unspecified</pose>
		<truncated>1</truncated>
		<difficult>0</difficult>
		<bndbox>
			<xmin>16</xmin>
			<ymin>56</ymin>
			<xmax>285</xmax>
			<ymax>200</ymax>
		</bndbox>
	</object>
	<object>
		<name>h</name>
		<pose>Unspecified</pose>
		<truncated>0</truncated>
		<difficult>0</difficult>
		<bndbox>
			<xmin>353</xmin>
			<ymin>17</ymin>
			<xmax>396</xmax>
			<ymax>103</ymax>
		</bndbox>
	</object>
</annotation>
