<annotation>
	<folder>cars_train</folder>
	<filename>00208.jpg</filename>
	<path>/home/xxx/car/cars_train/00208.jpg</path>
	<source>
		<database>Unknown</database>
	</source>
	<size>
		<width>376</width>
		<height>282</height>
		<depth>3</depth>
	</size>
	<segmented>0</segmented>
	<object>
		<name>f</name>
		<pose>Unspecified</pose>
		<truncated>0</truncated>
		<difficult>0</difficult>
		<bndbox>
			<xmin>19</xmin>
			<ymin>170</ymin>
			<xmax>182</xmax>
			<ymax>276</ymax>
		</bndbox>
	</object>
	<object>
		<name>h</name>
		<pose>Unspecified</pose>
		<truncated>0</truncated>
		<difficult>0</difficult>
		<bndbox>
			<xmin>312</xmin>
			<ymin>165</ymin>
			<xmax>362</xmax>
			<ymax>257</ymax>
		</bndbox>
	</object>
</annotation>
