<annotation>
	<folder>cars_train</folder>
	<filename>00209.jpg</filename>
	<path>/home/xxx/car/cars_train/00209.jpg</path>
	<source>
		<database>Unknown</database>
	</source>
	<size>
		<width>1000</width>
		<height>667</height>
		<depth>3</depth>
	</size>
	<segmented>0</segmented>
	<object>
		<name>f</name>
		<pose>Unspecified</pose>
		<truncated>0</truncated>
		<difficult>0</difficult>
		<bndbox>
			<xmin>542</xmin>
			<ymin>242</ymin>
			<xmax>997</xmax>
			<ymax>608</ymax>
		</bndbox>
	</object>
</annotation>
