<annotation>
	<folder>cars_train</folder>
	<filename>00211.jpg</filename>
	<path>/home/xxx/car/cars_train/00211.jpg</path>
	<source>
		<database>Unknown</database>
	</source>
	<size>
		<width>608</width>
		<height>397</height>
		<depth>3</depth>
	</size>
	<segmented>0</segmented>
	<object>
		<name>f</name>
		<pose>Unspecified</pose>
		<truncated>1</truncated>
		<difficult>0</difficult>
		<bndbox>
			<xmin>275</xmin>
			<ymin>141</ymin>
			<xmax>608</xmax>
			<ymax>383</ymax>
		</bndbox>
	</object>
</annotation>
