<annotation>
	<folder>cars_train</folder>
	<filename>00213.jpg</filename>
	<path>/home/xxx/car/cars_train/00213.jpg</path>
	<source>
		<database>Unknown</database>
	</source>
	<size>
		<width>300</width>
		<height>225</height>
		<depth>3</depth>
	</size>
	<segmented>0</segmented>
	<object>
		<name>f</name>
		<pose>Unspecified</pose>
		<truncated>0</truncated>
		<difficult>0</difficult>
		<bndbox>
			<xmin>32</xmin>
			<ymin>107</ymin>
			<xmax>197</xmax>
			<ymax>182</ymax>
		</bndbox>
	</object>
	<object>
		<name>f</name>
		<pose>Unspecified</pose>
		<truncated>0</truncated>
		<difficult>0</difficult>
		<bndbox>
			<xmin>10</xmin>
			<ymin>102</ymin>
			<xmax>47</xmax>
			<ymax>123</ymax>
		</bndbox>
	</object>
	<object>
		<name>f</name>
		<pose>Unspecified</pose>
		<truncated>0</truncated>
		<difficult>0</difficult>
		<bndbox>
			<xmin>252</xmin>
			<ymin>93</ymin>
			<xmax>285</xmax>
			<ymax>120</ymax>
		</bndbox>
	</object>
</annotation>
