<annotation>
	<folder>cars_train</folder>
	<filename>00212.jpg</filename>
	<path>/home/xxx/car/cars_train/00212.jpg</path>
	<source>
		<database>Unknown</database>
	</source>
	<size>
		<width>259</width>
		<height>194</height>
		<depth>3</depth>
	</size>
	<segmented>0</segmented>
	<object>
		<name>f</name>
		<pose>Unspecified</pose>
		<truncated>1</truncated>
		<difficult>0</difficult>
		<bndbox>
			<xmin>113</xmin>
			<ymin>67</ymin>
			<xmax>259</xmax>
			<ymax>168</ymax>
		</bndbox>
	</object>
	<object>
		<name>f</name>
		<pose>Unspecified</pose>
		<truncated>0</truncated>
		<difficult>0</difficult>
		<bndbox>
			<xmin>165</xmin>
			<ymin>34</ymin>
			<xmax>244</xmax>
			<ymax>74</ymax>
		</bndbox>
	</object>
</annotation>
