<annotation>
	<folder>cars_train</folder>
	<filename>00216.jpg</filename>
	<path>/home/xxx/car/cars_train/00216.jpg</path>
	<source>
		<database>Unknown</database>
	</source>
	<size>
		<width>144</width>
		<height>108</height>
		<depth>3</depth>
	</size>
	<segmented>0</segmented>
	<object>
		<name>f</name>
		<pose>Unspecified</pose>
		<truncated>0</truncated>
		<difficult>0</difficult>
		<bndbox>
			<xmin>20</xmin>
			<ymin>53</ymin>
			<xmax>46</xmax>
			<ymax>84</ymax>
		</bndbox>
	</object>
	<object>
		<name>h</name>
		<pose>Unspecified</pose>
		<truncated>0</truncated>
		<difficult>0</difficult>
		<bndbox>
			<xmin>115</xmin>
			<ymin>49</ymin>
			<xmax>138</xmax>
			<ymax>92</ymax>
		</bndbox>
	</object>
</annotation>
