<annotation>
	<folder>cars_train</folder>
	<filename>00228.jpg</filename>
	<path>/home/xxx/car/cars_train/00228.jpg</path>
	<source>
		<database>Unknown</database>
	</source>
	<size>
		<width>964</width>
		<height>536</height>
		<depth>3</depth>
	</size>
	<segmented>0</segmented>
	<object>
		<name>f</name>
		<pose>Unspecified</pose>
		<truncated>0</truncated>
		<difficult>0</difficult>
		<bndbox>
			<xmin>192</xmin>
			<ymin>209</ymin>
			<xmax>498</xmax>
			<ymax>391</ymax>
		</bndbox>
	</object>
	<object>
		<name>h</name>
		<pose>Unspecified</pose>
		<truncated>0</truncated>
		<difficult>0</difficult>
		<bndbox>
			<xmin>778</xmin>
			<ymin>189</ymin>
			<xmax>935</xmax>
			<ymax>378</ymax>
		</bndbox>
	</object>
</annotation>
