<annotation>
	<folder>cars_train</folder>
	<filename>00226.jpg</filename>
	<path>/home/xxx/car/cars_train/00226.jpg</path>
	<source>
		<database>Unknown</database>
	</source>
	<size>
		<width>259</width>
		<height>194</height>
		<depth>3</depth>
	</size>
	<segmented>0</segmented>
	<object>
		<name>f</name>
		<pose>Unspecified</pose>
		<truncated>0</truncated>
		<difficult>0</difficult>
		<bndbox>
			<xmin>41</xmin>
			<ymin>61</ymin>
			<xmax>224</xmax>
			<ymax>164</ymax>
		</bndbox>
	</object>
	<object>
		<name>f</name>
		<pose>Unspecified</pose>
		<truncated>1</truncated>
		<difficult>0</difficult>
		<bndbox>
			<xmin>201</xmin>
			<ymin>42</ymin>
			<xmax>259</xmax>
			<ymax>98</ymax>
		</bndbox>
	</object>
</annotation>
