<annotation>
	<folder>cars_train</folder>
	<filename>00223.jpg</filename>
	<path>/home/xxx/car/cars_train/00223.jpg</path>
	<source>
		<database>Unknown</database>
	</source>
	<size>
		<width>500</width>
		<height>333</height>
		<depth>3</depth>
	</size>
	<segmented>0</segmented>
	<object>
		<name>f</name>
		<pose>Unspecified</pose>
		<truncated>0</truncated>
		<difficult>0</difficult>
		<bndbox>
			<xmin>267</xmin>
			<ymin>175</ymin>
			<xmax>318</xmax>
			<ymax>259</ymax>
		</bndbox>
	</object>
	<object>
		<name>h</name>
		<pose>Unspecified</pose>
		<truncated>0</truncated>
		<difficult>0</difficult>
		<bndbox>
			<xmin>24</xmin>
			<ymin>138</ymin>
			<xmax>214</xmax>
			<ymax>301</ymax>
		</bndbox>
	</object>
</annotation>
