<annotation>
	<folder>cars_train</folder>
	<filename>00224.jpg</filename>
	<path>/home/xxx/car/cars_train/00224.jpg</path>
	<source>
		<database>Unknown</database>
	</source>
	<size>
		<width>200</width>
		<height>150</height>
		<depth>3</depth>
	</size>
	<segmented>0</segmented>
	<object>
		<name>h</name>
		<pose>Unspecified</pose>
		<truncated>0</truncated>
		<difficult>0</difficult>
		<bndbox>
			<xmin>112</xmin>
			<ymin>7</ymin>
			<xmax>187</xmax>
			<ymax>143</ymax>
		</bndbox>
	</object>
</annotation>
