<annotation>
	<folder>cars_train</folder>
	<filename>00225.jpg</filename>
	<path>/home/xxx/car/cars_train/00225.jpg</path>
	<source>
		<database>Unknown</database>
	</source>
	<size>
		<width>465</width>
		<height>342</height>
		<depth>3</depth>
	</size>
	<segmented>0</segmented>
	<object>
		<name>h</name>
		<pose>Unspecified</pose>
		<truncated>0</truncated>
		<difficult>0</difficult>
		<bndbox>
			<xmin>16</xmin>
			<ymin>46</ymin>
			<xmax>278</xmax>
			<ymax>305</ymax>
		</bndbox>
	</object>
</annotation>
