<annotation>
	<folder>cars_train</folder>
	<filename>00221.jpg</filename>
	<path>/home/xxx/car/cars_train/00221.jpg</path>
	<source>
		<database>Unknown</database>
	</source>
	<size>
		<width>500</width>
		<height>331</height>
		<depth>3</depth>
	</size>
	<segmented>0</segmented>
	<object>
		<name>f</name>
		<pose>Unspecified</pose>
		<truncated>1</truncated>
		<difficult>0</difficult>
		<bndbox>
			<xmin>19</xmin>
			<ymin>108</ymin>
			<xmax>338</xmax>
			<ymax>331</ymax>
		</bndbox>
	</object>
</annotation>
