<annotation>
	<folder>cars_train</folder>
	<filename>00222.jpg</filename>
	<path>/home/xxx/car/cars_train/00222.jpg</path>
	<source>
		<database>Unknown</database>
	</source>
	<size>
		<width>620</width>
		<height>388</height>
		<depth>3</depth>
	</size>
	<segmented>0</segmented>
	<object>
		<name>f</name>
		<pose>Unspecified</pose>
		<truncated>0</truncated>
		<difficult>0</difficult>
		<bndbox>
			<xmin>64</xmin>
			<ymin>128</ymin>
			<xmax>264</xmax>
			<ymax>329</ymax>
		</bndbox>
	</object>
	<object>
		<name>h</name>
		<pose>Unspecified</pose>
		<truncated>0</truncated>
		<difficult>0</difficult>
		<bndbox>
			<xmin>478</xmin>
			<ymin>84</ymin>
			<xmax>558</xmax>
			<ymax>322</ymax>
		</bndbox>
	</object>
</annotation>
