<annotation>
	<folder>cars_train</folder>
	<filename>00229.jpg</filename>
	<path>/home/xxx/car/cars_train/00229.jpg</path>
	<source>
		<database>Unknown</database>
	</source>
	<size>
		<width>259</width>
		<height>194</height>
		<depth>3</depth>
	</size>
	<segmented>0</segmented>
	<object>
		<name>f</name>
		<pose>Unspecified</pose>
		<truncated>1</truncated>
		<difficult>0</difficult>
		<bndbox>
			<xmin>196</xmin>
			<ymin>67</ymin>
			<xmax>259</xmax>
			<ymax>140</ymax>
		</bndbox>
	</object>
	<object>
		<name>h</name>
		<pose>Unspecified</pose>
		<truncated>1</truncated>
		<difficult>0</difficult>
		<bndbox>
			<xmin>1</xmin>
			<ymin>56</ymin>
			<xmax>63</xmax>
			<ymax>133</ymax>
		</bndbox>
	</object>
</annotation>
