<annotation>
	<folder>cars_train</folder>
	<filename>00231.jpg</filename>
	<path>/home/xxx/car/cars_train/00231.jpg</path>
	<source>
		<database>Unknown</database>
	</source>
	<size>
		<width>640</width>
		<height>480</height>
		<depth>3</depth>
	</size>
	<segmented>0</segmented>
	<object>
		<name>h</name>
		<pose>Unspecified</pose>
		<truncated>0</truncated>
		<difficult>0</difficult>
		<bndbox>
			<xmin>69</xmin>
			<ymin>128</ymin>
			<xmax>315</xmax>
			<ymax>340</ymax>
		</bndbox>
	</object>
</annotation>
