<annotation>
	<folder>cars_train</folder>
	<filename>00232.jpg</filename>
	<path>/home/xxx/car/cars_train/00232.jpg</path>
	<source>
		<database>Unknown</database>
	</source>
	<size>
		<width>600</width>
		<height>444</height>
		<depth>3</depth>
	</size>
	<segmented>0</segmented>
	<object>
		<name>f</name>
		<pose>Unspecified</pose>
		<truncated>0</truncated>
		<difficult>0</difficult>
		<bndbox>
			<xmin>21</xmin>
			<ymin>173</ymin>
			<xmax>395</xmax>
			<ymax>411</ymax>
		</bndbox>
	</object>
</annotation>
