<annotation>
	<folder>cars_train</folder>
	<filename>00237.jpg</filename>
	<path>/home/xxx/car/cars_train/00237.jpg</path>
	<source>
		<database>Unknown</database>
	</source>
	<size>
		<width>400</width>
		<height>300</height>
		<depth>3</depth>
	</size>
	<segmented>0</segmented>
	<object>
		<name>f</name>
		<pose>Unspecified</pose>
		<truncated>0</truncated>
		<difficult>0</difficult>
		<bndbox>
			<xmin>131</xmin>
			<ymin>66</ymin>
			<xmax>390</xmax>
			<ymax>266</ymax>
		</bndbox>
	</object>
</annotation>
