<annotation>
	<folder>cars_train</folder>
	<filename>00234.jpg</filename>
	<path>/home/xxx/car/cars_train/00234.jpg</path>
	<source>
		<database>Unknown</database>
	</source>
	<size>
		<width>1504</width>
		<height>1000</height>
		<depth>3</depth>
	</size>
	<segmented>0</segmented>
	<object>
		<name>f</name>
		<pose>Unspecified</pose>
		<truncated>0</truncated>
		<difficult>0</difficult>
		<bndbox>
			<xmin>762</xmin>
			<ymin>449</ymin>
			<xmax>1242</xmax>
			<ymax>849</ymax>
		</bndbox>
	</object>
	<object>
		<name>h</name>
		<pose>Unspecified</pose>
		<truncated>0</truncated>
		<difficult>0</difficult>
		<bndbox>
			<xmin>54</xmin>
			<ymin>506</ymin>
			<xmax>283</xmax>
			<ymax>776</ymax>
		</bndbox>
	</object>
</annotation>
