<annotation>
	<folder>cars_train</folder>
	<filename>00238.jpg</filename>
	<path>/home/xxx/car/cars_train/00238.jpg</path>
	<source>
		<database>Unknown</database>
	</source>
	<size>
		<width>600</width>
		<height>399</height>
		<depth>3</depth>
	</size>
	<segmented>0</segmented>
	<object>
		<name>f</name>
		<pose>Unspecified</pose>
		<truncated>0</truncated>
		<difficult>0</difficult>
		<bndbox>
			<xmin>166</xmin>
			<ymin>172</ymin>
			<xmax>481</xmax>
			<ymax>340</ymax>
		</bndbox>
	</object>
</annotation>
