<annotation>
	<folder>cars_train</folder>
	<filename>00235.jpg</filename>
	<path>/home/xxx/car/cars_train/00235.jpg</path>
	<source>
		<database>Unknown</database>
	</source>
	<size>
		<width>640</width>
		<height>480</height>
		<depth>3</depth>
	</size>
	<segmented>0</segmented>
	<object>
		<name>f</name>
		<pose>Unspecified</pose>
		<truncated>0</truncated>
		<difficult>0</difficult>
		<bndbox>
			<xmin>57</xmin>
			<ymin>137</ymin>
			<xmax>397</xmax>
			<ymax>417</ymax>
		</bndbox>
	</object>
	<object>
		<name>h</name>
		<pose>Unspecified</pose>
		<truncated>1</truncated>
		<difficult>0</difficult>
		<bndbox>
			<xmin>595</xmin>
			<ymin>117</ymin>
			<xmax>640</xmax>
			<ymax>160</ymax>
		</bndbox>
	</object>
</annotation>
