<annotation>
	<folder>cars_train</folder>
	<filename>00230.jpg</filename>
	<path>/home/xxx/car/cars_train/00230.jpg</path>
	<source>
		<database>Unknown</database>
	</source>
	<size>
		<width>3699</width>
		<height>2775</height>
		<depth>3</depth>
	</size>
	<segmented>0</segmented>
	<object>
		<name>f</name>
		<pose>Unspecified</pose>
		<truncated>1</truncated>
		<difficult>0</difficult>
		<bndbox>
			<xmin>2236</xmin>
			<ymin>916</ymin>
			<xmax>3699</xmax>
			<ymax>2442</ymax>
		</bndbox>
	</object>
</annotation>
