<annotation>
	<folder>cars_train</folder>
	<filename>00236.jpg</filename>
	<path>/home/xxx/car/cars_train/00236.jpg</path>
	<source>
		<database>Unknown</database>
	</source>
	<size>
		<width>600</width>
		<height>450</height>
		<depth>3</depth>
	</size>
	<segmented>0</segmented>
	<object>
		<name>f</name>
		<pose>Unspecified</pose>
		<truncated>0</truncated>
		<difficult>0</difficult>
		<bndbox>
			<xmin>27</xmin>
			<ymin>173</ymin>
			<xmax>137</xmax>
			<ymax>296</ymax>
		</bndbox>
	</object>
	<object>
		<name>h</name>
		<pose>Unspecified</pose>
		<truncated>0</truncated>
		<difficult>0</difficult>
		<bndbox>
			<xmin>364</xmin>
			<ymin>164</ymin>
			<xmax>591</xmax>
			<ymax>400</ymax>
		</bndbox>
	</object>
</annotation>
