<annotation>
	<folder>cars_train</folder>
	<filename>00243.jpg</filename>
	<path>/home/xxx/car/cars_train/00243.jpg</path>
	<source>
		<database>Unknown</database>
	</source>
	<size>
		<width>750</width>
		<height>469</height>
		<depth>3</depth>
	</size>
	<segmented>0</segmented>
	<object>
		<name>f</name>
		<pose>Unspecified</pose>
		<truncated>0</truncated>
		<difficult>0</difficult>
		<bndbox>
			<xmin>264</xmin>
			<ymin>319</ymin>
			<xmax>428</xmax>
			<ymax>438</ymax>
		</bndbox>
	</object>
	<object>
		<name>h</name>
		<pose>Unspecified</pose>
		<truncated>0</truncated>
		<difficult>0</difficult>
		<bndbox>
			<xmin>666</xmin>
			<ymin>242</ymin>
			<xmax>736</xmax>
			<ymax>383</ymax>
		</bndbox>
	</object>
</annotation>
