<annotation>
	<folder>cars_train</folder>
	<filename>00246.jpg</filename>
	<path>/home/xxx/car/cars_train/00246.jpg</path>
	<source>
		<database>Unknown</database>
	</source>
	<size>
		<width>1280</width>
		<height>1024</height>
		<depth>3</depth>
	</size>
	<segmented>0</segmented>
	<object>
		<name>f</name>
		<pose>Unspecified</pose>
		<truncated>0</truncated>
		<difficult>0</difficult>
		<bndbox>
			<xmin>20</xmin>
			<ymin>518</ymin>
			<xmax>731</xmax>
			<ymax>963</ymax>
		</bndbox>
	</object>
</annotation>
