<annotation>
	<folder>cars_train</folder>
	<filename>00247.jpg</filename>
	<path>/home/xxx/car/cars_train/00247.jpg</path>
	<source>
		<database>Unknown</database>
	</source>
	<size>
		<width>900</width>
		<height>540</height>
		<depth>3</depth>
	</size>
	<segmented>0</segmented>
	<object>
		<name>f</name>
		<pose>Unspecified</pose>
		<truncated>0</truncated>
		<difficult>0</difficult>
		<bndbox>
			<xmin>561</xmin>
			<ymin>202</ymin>
			<xmax>867</xmax>
			<ymax>484</ymax>
		</bndbox>
	</object>
	<object>
		<name>h</name>
		<pose>Unspecified</pose>
		<truncated>0</truncated>
		<difficult>0</difficult>
		<bndbox>
			<xmin>36</xmin>
			<ymin>163</ymin>
			<xmax>182</xmax>
			<ymax>368</ymax>
		</bndbox>
	</object>
</annotation>
