<annotation>
	<folder>cars_train</folder>
	<filename>00242.jpg</filename>
	<path>/home/xxx/car/cars_train/00242.jpg</path>
	<source>
		<database>Unknown</database>
	</source>
	<size>
		<width>280</width>
		<height>210</height>
		<depth>3</depth>
	</size>
	<segmented>0</segmented>
	<object>
		<name>h</name>
		<pose>Unspecified</pose>
		<truncated>0</truncated>
		<difficult>0</difficult>
		<bndbox>
			<xmin>137</xmin>
			<ymin>54</ymin>
			<xmax>273</xmax>
			<ymax>171</ymax>
		</bndbox>
	</object>
</annotation>
