<annotation>
	<folder>cars_train</folder>
	<filename>00245.jpg</filename>
	<path>/home/xxx/car/cars_train/00245.jpg</path>
	<source>
		<database>Unknown</database>
	</source>
	<size>
		<width>556</width>
		<height>283</height>
		<depth>3</depth>
	</size>
	<segmented>0</segmented>
	<object>
		<name>f</name>
		<pose>Unspecified</pose>
		<truncated>0</truncated>
		<difficult>0</difficult>
		<bndbox>
			<xmin>14</xmin>
			<ymin>88</ymin>
			<xmax>228</xmax>
			<ymax>242</ymax>
		</bndbox>
	</object>
	<object>
		<name>h</name>
		<pose>Unspecified</pose>
		<truncated>0</truncated>
		<difficult>0</difficult>
		<bndbox>
			<xmin>470</xmin>
			<ymin>86</ymin>
			<xmax>532</xmax>
			<ymax>196</ymax>
		</bndbox>
	</object>
</annotation>
