<annotation>
	<folder>cars_train</folder>
	<filename>00248.jpg</filename>
	<path>/home/xxx/car/cars_train/00248.jpg</path>
	<source>
		<database>Unknown</database>
	</source>
	<size>
		<width>595</width>
		<height>445</height>
		<depth>3</depth>
	</size>
	<segmented>0</segmented>
	<object>
		<name>f</name>
		<pose>Unspecified</pose>
		<truncated>0</truncated>
		<difficult>0</difficult>
		<bndbox>
			<xmin>48</xmin>
			<ymin>227</ymin>
			<xmax>376</xmax>
			<ymax>373</ymax>
		</bndbox>
	</object>
	<object>
		<name>f</name>
		<pose>Unspecified</pose>
		<truncated>0</truncated>
		<difficult>0</difficult>
		<bndbox>
			<xmin>4</xmin>
			<ymin>230</ymin>
			<xmax>106</xmax>
			<ymax>300</ymax>
		</bndbox>
	</object>
	<object>
		<name>h</name>
		<pose>Unspecified</pose>
		<truncated>0</truncated>
		<difficult>0</difficult>
		<bndbox>
			<xmin>453</xmin>
			<ymin>209</ymin>
			<xmax>500</xmax>
			<ymax>320</ymax>
		</bndbox>
	</object>
</annotation>
