<annotation>
	<folder>cars_train</folder>
	<filename>00244.jpg</filename>
	<path>/home/xxx/car/cars_train/00244.jpg</path>
	<source>
		<database>Unknown</database>
	</source>
	<size>
		<width>480</width>
		<height>360</height>
		<depth>3</depth>
	</size>
	<segmented>0</segmented>
	<object>
		<name>f</name>
		<pose>Unspecified</pose>
		<truncated>1</truncated>
		<difficult>0</difficult>
		<bndbox>
			<xmin>284</xmin>
			<ymin>144</ymin>
			<xmax>480</xmax>
			<ymax>304</ymax>
		</bndbox>
	</object>
	<object>
		<name>h</name>
		<pose>Unspecified</pose>
		<truncated>0</truncated>
		<difficult>0</difficult>
		<bndbox>
			<xmin>14</xmin>
			<ymin>121</ymin>
			<xmax>67</xmax>
			<ymax>245</ymax>
		</bndbox>
	</object>
</annotation>
