<annotation>
	<folder>cars_train</folder>
	<filename>00241.jpg</filename>
	<path>/home/xxx/car/cars_train/00241.jpg</path>
	<source>
		<database>Unknown</database>
	</source>
	<size>
		<width>1024</width>
		<height>768</height>
		<depth>3</depth>
	</size>
	<segmented>0</segmented>
	<object>
		<name>f</name>
		<pose>Unspecified</pose>
		<truncated>0</truncated>
		<difficult>0</difficult>
		<bndbox>
			<xmin>431</xmin>
			<ymin>245</ymin>
			<xmax>976</xmax>
			<ymax>645</ymax>
		</bndbox>
	</object>
	<object>
		<name>h</name>
		<pose>Unspecified</pose>
		<truncated>0</truncated>
		<difficult>0</difficult>
		<bndbox>
			<xmin>79</xmin>
			<ymin>65</ymin>
			<xmax>142</xmax>
			<ymax>138</ymax>
		</bndbox>
	</object>
	<object>
		<name>h</name>
		<pose>Unspecified</pose>
		<truncated>0</truncated>
		<difficult>0</difficult>
		<bndbox>
			<xmin>510</xmin>
			<ymin>32</ymin>
			<xmax>615</xmax>
			<ymax>102</ymax>
		</bndbox>
	</object>
</annotation>
