<annotation>
	<folder>cars_train</folder>
	<filename>00251.jpg</filename>
	<path>/home/xxx/car/cars_train/00251.jpg</path>
	<source>
		<database>Unknown</database>
	</source>
	<size>
		<width>3264</width>
		<height>2448</height>
		<depth>3</depth>
	</size>
	<segmented>0</segmented>
	<object>
		<name>f</name>
		<pose>Unspecified</pose>
		<truncated>0</truncated>
		<difficult>0</difficult>
		<bndbox>
			<xmin>1075</xmin>
			<ymin>1021</ymin>
			<xmax>3098</xmax>
			<ymax>1781</ymax>
		</bndbox>
	</object>
</annotation>
