<annotation>
	<folder>cars_train</folder>
	<filename>00255.jpg</filename>
	<path>/home/xxx/car/cars_train/00255.jpg</path>
	<source>
		<database>Unknown</database>
	</source>
	<size>
		<width>791</width>
		<height>422</height>
		<depth>3</depth>
	</size>
	<segmented>0</segmented>
	<object>
		<name>f</name>
		<pose>Unspecified</pose>
		<truncated>0</truncated>
		<difficult>0</difficult>
		<bndbox>
			<xmin>277</xmin>
			<ymin>102</ymin>
			<xmax>740</xmax>
			<ymax>365</ymax>
		</bndbox>
	</object>
</annotation>
