<annotation>
	<folder>cars_train</folder>
	<filename>00256.jpg</filename>
	<path>/home/xxx/car/cars_train/00256.jpg</path>
	<source>
		<database>Unknown</database>
	</source>
	<size>
		<width>986</width>
		<height>603</height>
		<depth>3</depth>
	</size>
	<segmented>0</segmented>
	<object>
		<name>f</name>
		<pose>Unspecified</pose>
		<truncated>0</truncated>
		<difficult>0</difficult>
		<bndbox>
			<xmin>75</xmin>
			<ymin>251</ymin>
			<xmax>446</xmax>
			<ymax>499</ymax>
		</bndbox>
	</object>
	<object>
		<name>h</name>
		<pose>Unspecified</pose>
		<truncated>0</truncated>
		<difficult>0</difficult>
		<bndbox>
			<xmin>715</xmin>
			<ymin>264</ymin>
			<xmax>806</xmax>
			<ymax>411</ymax>
		</bndbox>
	</object>
</annotation>
