<annotation>
	<folder>cars_train</folder>
	<filename>00257.jpg</filename>
	<path>/home/xxx/car/cars_train/00257.jpg</path>
	<source>
		<database>Unknown</database>
	</source>
	<size>
		<width>640</width>
		<height>480</height>
		<depth>3</depth>
	</size>
	<segmented>0</segmented>
	<object>
		<name>f</name>
		<pose>Unspecified</pose>
		<truncated>0</truncated>
		<difficult>0</difficult>
		<bndbox>
			<xmin>12</xmin>
			<ymin>182</ymin>
			<xmax>181</xmax>
			<ymax>336</ymax>
		</bndbox>
	</object>
	<object>
		<name>h</name>
		<pose>Unspecified</pose>
		<truncated>0</truncated>
		<difficult>0</difficult>
		<bndbox>
			<xmin>506</xmin>
			<ymin>164</ymin>
			<xmax>611</xmax>
			<ymax>313</ymax>
		</bndbox>
	</object>
</annotation>
