<annotation>
	<folder>cars_train</folder>
	<filename>00259.jpg</filename>
	<path>/home/xxx/car/cars_train/00259.jpg</path>
	<source>
		<database>Unknown</database>
	</source>
	<size>
		<width>2592</width>
		<height>1944</height>
		<depth>3</depth>
	</size>
	<segmented>0</segmented>
	<object>
		<name>h</name>
		<pose>Unspecified</pose>
		<truncated>0</truncated>
		<difficult>0</difficult>
		<bndbox>
			<xmin>1075</xmin>
			<ymin>538</ymin>
			<xmax>2555</xmax>
			<ymax>1752</ymax>
		</bndbox>
	</object>
</annotation>
