<annotation>
	<folder>cars_train</folder>
	<filename>00258.jpg</filename>
	<path>/home/xxx/car/cars_train/00258.jpg</path>
	<source>
		<database>Unknown</database>
	</source>
	<size>
		<width>259</width>
		<height>194</height>
		<depth>3</depth>
	</size>
	<segmented>0</segmented>
	<object>
		<name>f</name>
		<pose>Unspecified</pose>
		<truncated>0</truncated>
		<difficult>0</difficult>
		<bndbox>
			<xmin>36</xmin>
			<ymin>100</ymin>
			<xmax>147</xmax>
			<ymax>174</ymax>
		</bndbox>
	</object>
	<object>
		<name>h</name>
		<pose>Unspecified</pose>
		<truncated>0</truncated>
		<difficult>0</difficult>
		<bndbox>
			<xmin>197</xmin>
			<ymin>102</ymin>
			<xmax>229</xmax>
			<ymax>143</ymax>
		</bndbox>
	</object>
</annotation>
