<annotation>
	<folder>cars_train</folder>
	<filename>00252.jpg</filename>
	<path>/home/xxx/car/cars_train/00252.jpg</path>
	<source>
		<database>Unknown</database>
	</source>
	<size>
		<width>275</width>
		<height>183</height>
		<depth>3</depth>
	</size>
	<segmented>0</segmented>
	<object>
		<name>f</name>
		<pose>Unspecified</pose>
		<truncated>0</truncated>
		<difficult>0</difficult>
		<bndbox>
			<xmin>17</xmin>
			<ymin>61</ymin>
			<xmax>186</xmax>
			<ymax>146</ymax>
		</bndbox>
	</object>
</annotation>
