<annotation>
	<folder>cars_train</folder>
	<filename>00253.jpg</filename>
	<path>/home/xxx/car/cars_train/00253.jpg</path>
	<source>
		<database>Unknown</database>
	</source>
	<size>
		<width>640</width>
		<height>480</height>
		<depth>3</depth>
	</size>
	<segmented>0</segmented>
	<object>
		<name>f</name>
		<pose>Unspecified</pose>
		<truncated>0</truncated>
		<difficult>0</difficult>
		<bndbox>
			<xmin>462</xmin>
			<ymin>169</ymin>
			<xmax>623</xmax>
			<ymax>330</ymax>
		</bndbox>
	</object>
	<object>
		<name>h</name>
		<pose>Unspecified</pose>
		<truncated>0</truncated>
		<difficult>0</difficult>
		<bndbox>
			<xmin>27</xmin>
			<ymin>109</ymin>
			<xmax>174</xmax>
			<ymax>312</ymax>
		</bndbox>
	</object>
</annotation>
