<annotation>
	<folder>cars_train</folder>
	<filename>00266.jpg</filename>
	<path>/home/xxx/car/cars_train/00266.jpg</path>
	<source>
		<database>Unknown</database>
	</source>
	<size>
		<width>800</width>
		<height>600</height>
		<depth>1</depth>
	</size>
	<segmented>0</segmented>
	<object>
		<name>f</name>
		<pose>Unspecified</pose>
		<truncated>0</truncated>
		<difficult>0</difficult>
		<bndbox>
			<xmin>20</xmin>
			<ymin>350</ymin>
			<xmax>459</xmax>
			<ymax>565</ymax>
		</bndbox>
	</object>
	<object>
		<name>h</name>
		<pose>Unspecified</pose>
		<truncated>0</truncated>
		<difficult>0</difficult>
		<bndbox>
			<xmin>640</xmin>
			<ymin>343</ymin>
			<xmax>780</xmax>
			<ymax>530</ymax>
		</bndbox>
	</object>
</annotation>
