<annotation>
	<folder>cars_train</folder>
	<filename>00267.jpg</filename>
	<path>/home/xxx/car/cars_train/00267.jpg</path>
	<source>
		<database>Unknown</database>
	</source>
	<size>
		<width>640</width>
		<height>425</height>
		<depth>3</depth>
	</size>
	<segmented>0</segmented>
	<object>
		<name>f</name>
		<pose>Unspecified</pose>
		<truncated>1</truncated>
		<difficult>0</difficult>
		<bndbox>
			<xmin>4</xmin>
			<ymin>167</ymin>
			<xmax>426</xmax>
			<ymax>425</ymax>
		</bndbox>
	</object>
	<object>
		<name>h</name>
		<pose>Unspecified</pose>
		<truncated>0</truncated>
		<difficult>0</difficult>
		<bndbox>
			<xmin>522</xmin>
			<ymin>160</ymin>
			<xmax>621</xmax>
			<ymax>301</ymax>
		</bndbox>
	</object>
</annotation>
