<annotation>
	<folder>cars_train</folder>
	<filename>00260.jpg</filename>
	<path>/home/xxx/car/cars_train/00260.jpg</path>
	<source>
		<database>Unknown</database>
	</source>
	<size>
		<width>720</width>
		<height>518</height>
		<depth>3</depth>
	</size>
	<segmented>0</segmented>
	<object>
		<name>f</name>
		<pose>Unspecified</pose>
		<truncated>1</truncated>
		<difficult>0</difficult>
		<bndbox>
			<xmin>623</xmin>
			<ymin>233</ymin>
			<xmax>720</xmax>
			<ymax>394</ymax>
		</bndbox>
	</object>
	<object>
		<name>h</name>
		<pose>Unspecified</pose>
		<truncated>0</truncated>
		<difficult>0</difficult>
		<bndbox>
			<xmin>18</xmin>
			<ymin>188</ymin>
			<xmax>317</xmax>
			<ymax>410</ymax>
		</bndbox>
	</object>
</annotation>
