<annotation>
	<folder>cars_train</folder>
	<filename>00263.jpg</filename>
	<path>/home/xxx/car/cars_train/00263.jpg</path>
	<source>
		<database>Unknown</database>
	</source>
	<size>
		<width>1111</width>
		<height>740</height>
		<depth>3</depth>
	</size>
	<segmented>0</segmented>
	<object>
		<name>f</name>
		<pose>Unspecified</pose>
		<truncated>0</truncated>
		<difficult>0</difficult>
		<bndbox>
			<xmin>292</xmin>
			<ymin>406</ymin>
			<xmax>847</xmax>
			<ymax>686</ymax>
		</bndbox>
	</object>
</annotation>
