<annotation>
	<folder>cars_train</folder>
	<filename>00264.jpg</filename>
	<path>/home/xxx/car/cars_train/00264.jpg</path>
	<source>
		<database>Unknown</database>
	</source>
	<size>
		<width>500</width>
		<height>375</height>
		<depth>3</depth>
	</size>
	<segmented>0</segmented>
	<object>
		<name>f</name>
		<pose>Unspecified</pose>
		<truncated>0</truncated>
		<difficult>0</difficult>
		<bndbox>
			<xmin>12</xmin>
			<ymin>139</ymin>
			<xmax>290</xmax>
			<ymax>295</ymax>
		</bndbox>
	</object>
	<object>
		<name>h</name>
		<pose>Unspecified</pose>
		<truncated>0</truncated>
		<difficult>0</difficult>
		<bndbox>
			<xmin>397</xmin>
			<ymin>108</ymin>
			<xmax>494</xmax>
			<ymax>197</ymax>
		</bndbox>
	</object>
</annotation>
