<annotation>
	<folder>cars_train</folder>
	<filename>00261.jpg</filename>
	<path>/home/xxx/car/cars_train/00261.jpg</path>
	<source>
		<database>Unknown</database>
	</source>
	<size>
		<width>400</width>
		<height>269</height>
		<depth>3</depth>
	</size>
	<segmented>0</segmented>
	<object>
		<name>f</name>
		<pose>Unspecified</pose>
		<truncated>0</truncated>
		<difficult>0</difficult>
		<bndbox>
			<xmin>173</xmin>
			<ymin>119</ymin>
			<xmax>382</xmax>
			<ymax>232</ymax>
		</bndbox>
	</object>
	<object>
		<name>h</name>
		<pose>Unspecified</pose>
		<truncated>0</truncated>
		<difficult>0</difficult>
		<bndbox>
			<xmin>28</xmin>
			<ymin>108</ymin>
			<xmax>86</xmax>
			<ymax>185</ymax>
		</bndbox>
	</object>
</annotation>
