<annotation>
	<folder>cars_train</folder>
	<filename>00268.jpg</filename>
	<path>/home/xxx/car/cars_train/00268.jpg</path>
	<source>
		<database>Unknown</database>
	</source>
	<size>
		<width>640</width>
		<height>426</height>
		<depth>3</depth>
	</size>
	<segmented>0</segmented>
	<object>
		<name>f</name>
		<pose>Unspecified</pose>
		<truncated>1</truncated>
		<difficult>0</difficult>
		<bndbox>
			<xmin>264</xmin>
			<ymin>136</ymin>
			<xmax>603</xmax>
			<ymax>426</ymax>
		</bndbox>
	</object>
</annotation>
