<annotation>
	<folder>cars_train</folder>
	<filename>00262.jpg</filename>
	<path>/home/xxx/car/cars_train/00262.jpg</path>
	<source>
		<database>Unknown</database>
	</source>
	<size>
		<width>587</width>
		<height>391</height>
		<depth>3</depth>
	</size>
	<segmented>0</segmented>
	<object>
		<name>h</name>
		<pose>Unspecified</pose>
		<truncated>0</truncated>
		<difficult>0</difficult>
		<bndbox>
			<xmin>243</xmin>
			<ymin>125</ymin>
			<xmax>523</xmax>
			<ymax>264</ymax>
		</bndbox>
	</object>
</annotation>
