<annotation>
	<folder>cars_train</folder>
	<filename>00269.jpg</filename>
	<path>/home/xxx/car/cars_train/00269.jpg</path>
	<source>
		<database>Unknown</database>
	</source>
	<size>
		<width>640</width>
		<height>480</height>
		<depth>3</depth>
	</size>
	<segmented>0</segmented>
	<object>
		<name>f</name>
		<pose>Unspecified</pose>
		<truncated>0</truncated>
		<difficult>0</difficult>
		<bndbox>
			<xmin>24</xmin>
			<ymin>224</ymin>
			<xmax>193</xmax>
			<ymax>367</ymax>
		</bndbox>
	</object>
	<object>
		<name>h</name>
		<pose>Unspecified</pose>
		<truncated>0</truncated>
		<difficult>0</difficult>
		<bndbox>
			<xmin>491</xmin>
			<ymin>222</ymin>
			<xmax>629</xmax>
			<ymax>406</ymax>
		</bndbox>
	</object>
</annotation>
