<annotation>
	<folder>cars_train</folder>
	<filename>00270.jpg</filename>
	<path>/home/xxx/car/cars_train/00270.jpg</path>
	<source>
		<database>Unknown</database>
	</source>
	<size>
		<width>375</width>
		<height>224</height>
		<depth>3</depth>
	</size>
	<segmented>0</segmented>
	<object>
		<name>f</name>
		<pose>Unspecified</pose>
		<truncated>0</truncated>
		<difficult>0</difficult>
		<bndbox>
			<xmin>309</xmin>
			<ymin>107</ymin>
			<xmax>360</xmax>
			<ymax>188</ymax>
		</bndbox>
	</object>
	<object>
		<name>h</name>
		<pose>Unspecified</pose>
		<truncated>0</truncated>
		<difficult>0</difficult>
		<bndbox>
			<xmin>11</xmin>
			<ymin>85</ymin>
			<xmax>89</xmax>
			<ymax>171</ymax>
		</bndbox>
	</object>
</annotation>
