<annotation>
	<folder>cars_train</folder>
	<filename>00276.jpg</filename>
	<path>/home/xxx/car/cars_train/00276.jpg</path>
	<source>
		<database>Unknown</database>
	</source>
	<size>
		<width>640</width>
		<height>480</height>
		<depth>3</depth>
	</size>
	<segmented>0</segmented>
	<object>
		<name>f</name>
		<pose>Unspecified</pose>
		<truncated>0</truncated>
		<difficult>0</difficult>
		<bndbox>
			<xmin>314</xmin>
			<ymin>174</ymin>
			<xmax>573</xmax>
			<ymax>337</ymax>
		</bndbox>
	</object>
	<object>
		<name>h</name>
		<pose>Unspecified</pose>
		<truncated>0</truncated>
		<difficult>0</difficult>
		<bndbox>
			<xmin>405</xmin>
			<ymin>116</ymin>
			<xmax>475</xmax>
			<ymax>194</ymax>
		</bndbox>
	</object>
</annotation>
