<annotation>
	<folder>cars_train</folder>
	<filename>00278.jpg</filename>
	<path>/home/xxx/car/cars_train/00278.jpg</path>
	<source>
		<database>Unknown</database>
	</source>
	<size>
		<width>259</width>
		<height>194</height>
		<depth>3</depth>
	</size>
	<segmented>0</segmented>
	<object>
		<name>f</name>
		<pose>Unspecified</pose>
		<truncated>1</truncated>
		<difficult>0</difficult>
		<bndbox>
			<xmin>175</xmin>
			<ymin>71</ymin>
			<xmax>259</xmax>
			<ymax>128</ymax>
		</bndbox>
	</object>
	<object>
		<name>h</name>
		<pose>Unspecified</pose>
		<truncated>0</truncated>
		<difficult>0</difficult>
		<bndbox>
			<xmin>7</xmin>
			<ymin>73</ymin>
			<xmax>66</xmax>
			<ymax>125</ymax>
		</bndbox>
	</object>
</annotation>
