<annotation>
	<folder>cars_train</folder>
	<filename>00271.jpg</filename>
	<path>/home/xxx/car/cars_train/00271.jpg</path>
	<source>
		<database>Unknown</database>
	</source>
	<size>
		<width>144</width>
		<height>108</height>
		<depth>3</depth>
	</size>
	<segmented>0</segmented>
	<object>
		<name>f</name>
		<pose>Unspecified</pose>
		<truncated>1</truncated>
		<difficult>0</difficult>
		<bndbox>
			<xmin>111</xmin>
			<ymin>32</ymin>
			<xmax>144</xmax>
			<ymax>73</ymax>
		</bndbox>
	</object>
	<object>
		<name>h</name>
		<pose>Unspecified</pose>
		<truncated>0</truncated>
		<difficult>0</difficult>
		<bndbox>
			<xmin>6</xmin>
			<ymin>23</ymin>
			<xmax>31</xmax>
			<ymax>78</ymax>
		</bndbox>
	</object>
</annotation>
