<annotation>
	<folder>cars_train</folder>
	<filename>00272.jpg</filename>
	<path>/home/xxx/car/cars_train/00272.jpg</path>
	<source>
		<database>Unknown</database>
	</source>
	<size>
		<width>600</width>
		<height>331</height>
		<depth>3</depth>
	</size>
	<segmented>0</segmented>
	<object>
		<name>f</name>
		<pose>Unspecified</pose>
		<truncated>0</truncated>
		<difficult>0</difficult>
		<bndbox>
			<xmin>3</xmin>
			<ymin>70</ymin>
			<xmax>156</xmax>
			<ymax>299</ymax>
		</bndbox>
	</object>
	<object>
		<name>h</name>
		<pose>Unspecified</pose>
		<truncated>0</truncated>
		<difficult>0</difficult>
		<bndbox>
			<xmin>501</xmin>
			<ymin>62</ymin>
			<xmax>580</xmax>
			<ymax>303</ymax>
		</bndbox>
	</object>
</annotation>
