<annotation>
	<folder>cars_train</folder>
	<filename>00273.jpg</filename>
	<path>/home/xxx/car/cars_train/00273.jpg</path>
	<source>
		<database>Unknown</database>
	</source>
	<size>
		<width>480</width>
		<height>360</height>
		<depth>3</depth>
	</size>
	<segmented>0</segmented>
	<object>
		<name>f</name>
		<pose>Unspecified</pose>
		<truncated>0</truncated>
		<difficult>0</difficult>
		<bndbox>
			<xmin>25</xmin>
			<ymin>90</ymin>
			<xmax>306</xmax>
			<ymax>343</ymax>
		</bndbox>
	</object>
	<object>
		<name>h</name>
		<pose>Unspecified</pose>
		<truncated>0</truncated>
		<difficult>0</difficult>
		<bndbox>
			<xmin>430</xmin>
			<ymin>107</ymin>
			<xmax>474</xmax>
			<ymax>224</ymax>
		</bndbox>
	</object>
</annotation>
