<annotation>
	<folder>cars_train</folder>
	<filename>00279.jpg</filename>
	<path>/home/xxx/car/cars_train/00279.jpg</path>
	<source>
		<database>Unknown</database>
	</source>
	<size>
		<width>576</width>
		<height>352</height>
		<depth>3</depth>
	</size>
	<segmented>0</segmented>
	<object>
		<name>f</name>
		<pose>Unspecified</pose>
		<truncated>0</truncated>
		<difficult>0</difficult>
		<bndbox>
			<xmin>266</xmin>
			<ymin>104</ymin>
			<xmax>556</xmax>
			<ymax>311</ymax>
		</bndbox>
	</object>
</annotation>
