<annotation>
	<folder>cars_train</folder>
	<filename>00286.jpg</filename>
	<path>/home/xxx/car/cars_train/00286.jpg</path>
	<source>
		<database>Unknown</database>
	</source>
	<size>
		<width>1024</width>
		<height>768</height>
		<depth>3</depth>
	</size>
	<segmented>0</segmented>
	<object>
		<name>h</name>
		<pose>Unspecified</pose>
		<truncated>0</truncated>
		<difficult>0</difficult>
		<bndbox>
			<xmin>119</xmin>
			<ymin>162</ymin>
			<xmax>818</xmax>
			<ymax>742</ymax>
		</bndbox>
	</object>
	<object>
		<name>h</name>
		<pose>Unspecified</pose>
		<truncated>0</truncated>
		<difficult>0</difficult>
		<bndbox>
			<xmin>911</xmin>
			<ymin>329</ymin>
			<xmax>996</xmax>
			<ymax>495</ymax>
		</bndbox>
	</object>
	<object>
		<name>h</name>
		<pose>Unspecified</pose>
		<truncated>0</truncated>
		<difficult>0</difficult>
		<bndbox>
			<xmin>765</xmin>
			<ymin>355</ymin>
			<xmax>813</xmax>
			<ymax>460</ymax>
		</bndbox>
	</object>
</annotation>
