<annotation>
	<folder>cars_train</folder>
	<filename>00280.jpg</filename>
	<path>/home/xxx/car/cars_train/00280.jpg</path>
	<source>
		<database>Unknown</database>
	</source>
	<size>
		<width>267</width>
		<height>189</height>
		<depth>3</depth>
	</size>
	<segmented>0</segmented>
	<object>
		<name>f</name>
		<pose>Unspecified</pose>
		<truncated>0</truncated>
		<difficult>0</difficult>
		<bndbox>
			<xmin>86</xmin>
			<ymin>67</ymin>
			<xmax>260</xmax>
			<ymax>168</ymax>
		</bndbox>
	</object>
</annotation>
