<annotation>
	<folder>cars_train</folder>
	<filename>00285.jpg</filename>
	<path>/home/xxx/car/cars_train/00285.jpg</path>
	<source>
		<database>Unknown</database>
	</source>
	<size>
		<width>640</width>
		<height>305</height>
		<depth>3</depth>
	</size>
	<segmented>0</segmented>
	<object>
		<name>f</name>
		<pose>Unspecified</pose>
		<truncated>1</truncated>
		<difficult>0</difficult>
		<bndbox>
			<xmin>41</xmin>
			<ymin>107</ymin>
			<xmax>391</xmax>
			<ymax>305</ymax>
		</bndbox>
	</object>
	<object>
		<name>f</name>
		<pose>Unspecified</pose>
		<truncated>1</truncated>
		<difficult>0</difficult>
		<bndbox>
			<xmin>543</xmin>
			<ymin>29</ymin>
			<xmax>640</xmax>
			<ymax>96</ymax>
		</bndbox>
	</object>
</annotation>
