<annotation>
	<folder>cars_train</folder>
	<filename>00287.jpg</filename>
	<path>/home/xxx/car/cars_train/00287.jpg</path>
	<source>
		<database>Unknown</database>
	</source>
	<size>
		<width>1280</width>
		<height>960</height>
		<depth>3</depth>
	</size>
	<segmented>0</segmented>
	<object>
		<name>f</name>
		<pose>Unspecified</pose>
		<truncated>0</truncated>
		<difficult>0</difficult>
		<bndbox>
			<xmin>87</xmin>
			<ymin>380</ymin>
			<xmax>517</xmax>
			<ymax>720</ymax>
		</bndbox>
	</object>
	<object>
		<name>h</name>
		<pose>Unspecified</pose>
		<truncated>0</truncated>
		<difficult>0</difficult>
		<bndbox>
			<xmin>1117</xmin>
			<ymin>417</ymin>
			<xmax>1264</xmax>
			<ymax>615</ymax>
		</bndbox>
	</object>
</annotation>
