<annotation>
	<folder>cars_train</folder>
	<filename>00281.jpg</filename>
	<path>/home/xxx/car/cars_train/00281.jpg</path>
	<source>
		<database>Unknown</database>
	</source>
	<size>
		<width>587</width>
		<height>390</height>
		<depth>3</depth>
	</size>
	<segmented>0</segmented>
	<object>
		<name>f</name>
		<pose>Unspecified</pose>
		<truncated>0</truncated>
		<difficult>0</difficult>
		<bndbox>
			<xmin>211</xmin>
			<ymin>261</ymin>
			<xmax>412</xmax>
			<ymax>366</ymax>
		</bndbox>
	</object>
	<object>
		<name>f</name>
		<pose>Unspecified</pose>
		<truncated>1</truncated>
		<difficult>0</difficult>
		<bndbox>
			<xmin>441</xmin>
			<ymin>250</ymin>
			<xmax>587</xmax>
			<ymax>361</ymax>
		</bndbox>
	</object>
	<object>
		<name>f</name>
		<pose>Unspecified</pose>
		<truncated>0</truncated>
		<difficult>0</difficult>
		<bndbox>
			<xmin>2</xmin>
			<ymin>249</ymin>
			<xmax>132</xmax>
			<ymax>319</ymax>
		</bndbox>
	</object>
</annotation>
