<annotation>
	<folder>cars_train</folder>
	<filename>00283.jpg</filename>
	<path>/home/xxx/car/cars_train/00283.jpg</path>
	<source>
		<database>Unknown</database>
	</source>
	<size>
		<width>786</width>
		<height>492</height>
		<depth>3</depth>
	</size>
	<segmented>0</segmented>
	<object>
		<name>f</name>
		<pose>Unspecified</pose>
		<truncated>0</truncated>
		<difficult>0</difficult>
		<bndbox>
			<xmin>459</xmin>
			<ymin>219</ymin>
			<xmax>697</xmax>
			<ymax>374</ymax>
		</bndbox>
	</object>
	<object>
		<name>h</name>
		<pose>Unspecified</pose>
		<truncated>0</truncated>
		<difficult>0</difficult>
		<bndbox>
			<xmin>105</xmin>
			<ymin>201</ymin>
			<xmax>230</xmax>
			<ymax>345</ymax>
		</bndbox>
	</object>
</annotation>
