<annotation>
	<folder>cars_train</folder>
	<filename>00298.jpg</filename>
	<path>/home/xxx/car/cars_train/00298.jpg</path>
	<source>
		<database>Unknown</database>
	</source>
	<size>
		<width>409</width>
		<height>271</height>
		<depth>3</depth>
	</size>
	<segmented>0</segmented>
	<object>
		<name>f</name>
		<pose>Unspecified</pose>
		<truncated>0</truncated>
		<difficult>0</difficult>
		<bndbox>
			<xmin>121</xmin>
			<ymin>115</ymin>
			<xmax>382</xmax>
			<ymax>246</ymax>
		</bndbox>
	</object>
</annotation>
