<annotation>
	<folder>cars_train</folder>
	<filename>00290.jpg</filename>
	<path>/home/xxx/car/cars_train/00290.jpg</path>
	<source>
		<database>Unknown</database>
	</source>
	<size>
		<width>800</width>
		<height>532</height>
		<depth>3</depth>
	</size>
	<segmented>0</segmented>
	<object>
		<name>f</name>
		<pose>Unspecified</pose>
		<truncated>0</truncated>
		<difficult>0</difficult>
		<bndbox>
			<xmin>268</xmin>
			<ymin>251</ymin>
			<xmax>665</xmax>
			<ymax>472</ymax>
		</bndbox>
	</object>
	<object>
		<name>h</name>
		<pose>Unspecified</pose>
		<truncated>1</truncated>
		<difficult>0</difficult>
		<bndbox>
			<xmin>83</xmin>
			<ymin>1</ymin>
			<xmax>208</xmax>
			<ymax>139</ymax>
		</bndbox>
	</object>
</annotation>
