<annotation>
	<folder>cars_train</folder>
	<filename>00293.jpg</filename>
	<path>/home/xxx/car/cars_train/00293.jpg</path>
	<source>
		<database>Unknown</database>
	</source>
	<size>
		<width>1000</width>
		<height>441</height>
		<depth>3</depth>
	</size>
	<segmented>0</segmented>
	<object>
		<name>f</name>
		<pose>Unspecified</pose>
		<truncated>0</truncated>
		<difficult>0</difficult>
		<bndbox>
			<xmin>19</xmin>
			<ymin>154</ymin>
			<xmax>428</xmax>
			<ymax>416</ymax>
		</bndbox>
	</object>
	<object>
		<name>h</name>
		<pose>Unspecified</pose>
		<truncated>0</truncated>
		<difficult>0</difficult>
		<bndbox>
			<xmin>853</xmin>
			<ymin>79</ymin>
			<xmax>950</xmax>
			<ymax>269</ymax>
		</bndbox>
	</object>
</annotation>
