<annotation>
	<folder>cars_train</folder>
	<filename>00292.jpg</filename>
	<path>/home/xxx/car/cars_train/00292.jpg</path>
	<source>
		<database>Unknown</database>
	</source>
	<size>
		<width>960</width>
		<height>300</height>
		<depth>3</depth>
	</size>
	<segmented>0</segmented>
	<object>
		<name>f</name>
		<pose>Unspecified</pose>
		<truncated>0</truncated>
		<difficult>0</difficult>
		<bndbox>
			<xmin>91</xmin>
			<ymin>104</ymin>
			<xmax>329</xmax>
			<ymax>291</ymax>
		</bndbox>
	</object>
	<object>
		<name>h</name>
		<pose>Unspecified</pose>
		<truncated>0</truncated>
		<difficult>0</difficult>
		<bndbox>
			<xmin>683</xmin>
			<ymin>79</ymin>
			<xmax>816</xmax>
			<ymax>287</ymax>
		</bndbox>
	</object>
</annotation>
