<annotation>
	<folder>cars_train</folder>
	<filename>00297.jpg</filename>
	<path>/home/xxx/car/cars_train/00297.jpg</path>
	<source>
		<database>Unknown</database>
	</source>
	<size>
		<width>640</width>
		<height>480</height>
		<depth>3</depth>
	</size>
	<segmented>0</segmented>
	<object>
		<name>f</name>
		<pose>Unspecified</pose>
		<truncated>1</truncated>
		<difficult>0</difficult>
		<bndbox>
			<xmin>428</xmin>
			<ymin>212</ymin>
			<xmax>640</xmax>
			<ymax>418</ymax>
		</bndbox>
	</object>
	<object>
		<name>h</name>
		<pose>Unspecified</pose>
		<truncated>0</truncated>
		<difficult>0</difficult>
		<bndbox>
			<xmin>41</xmin>
			<ymin>197</ymin>
			<xmax>164</xmax>
			<ymax>352</ymax>
		</bndbox>
	</object>
</annotation>
