<annotation>
	<folder>cars_train</folder>
	<filename>00296.jpg</filename>
	<path>/home/xxx/car/cars_train/00296.jpg</path>
	<source>
		<database>Unknown</database>
	</source>
	<size>
		<width>640</width>
		<height>480</height>
		<depth>3</depth>
	</size>
	<segmented>0</segmented>
	<object>
		<name>f</name>
		<pose>Unspecified</pose>
		<truncated>0</truncated>
		<difficult>0</difficult>
		<bndbox>
			<xmin>45</xmin>
			<ymin>199</ymin>
			<xmax>374</xmax>
			<ymax>450</ymax>
		</bndbox>
	</object>
</annotation>
