<annotation>
	<folder>cars_train</folder>
	<filename>00294.jpg</filename>
	<path>/home/xxx/car/cars_train/00294.jpg</path>
	<source>
		<database>Unknown</database>
	</source>
	<size>
		<width>640</width>
		<height>480</height>
		<depth>3</depth>
	</size>
	<segmented>0</segmented>
	<object>
		<name>f</name>
		<pose>Unspecified</pose>
		<truncated>0</truncated>
		<difficult>0</difficult>
		<bndbox>
			<xmin>475</xmin>
			<ymin>180</ymin>
			<xmax>632</xmax>
			<ymax>381</ymax>
		</bndbox>
	</object>
	<object>
		<name>h</name>
		<pose>Unspecified</pose>
		<truncated>0</truncated>
		<difficult>0</difficult>
		<bndbox>
			<xmin>6</xmin>
			<ymin>154</ymin>
			<xmax>89</xmax>
			<ymax>348</ymax>
		</bndbox>
	</object>
</annotation>
