<annotation>
	<folder>cars_train</folder>
	<filename>00299.jpg</filename>
	<path>/home/xxx/car/cars_train/00299.jpg</path>
	<source>
		<database>Unknown</database>
	</source>
	<size>
		<width>1024</width>
		<height>768</height>
		<depth>3</depth>
	</size>
	<segmented>0</segmented>
	<object>
		<name>h</name>
		<pose>Unspecified</pose>
		<truncated>0</truncated>
		<difficult>0</difficult>
		<bndbox>
			<xmin>569</xmin>
			<ymin>74</ymin>
			<xmax>1001</xmax>
			<ymax>599</ymax>
		</bndbox>
	</object>
</annotation>
