<annotation>
	<folder>cars_train</folder>
	<filename>00291.jpg</filename>
	<path>/home/xxx/car/cars_train/00291.jpg</path>
	<source>
		<database>Unknown</database>
	</source>
	<size>
		<width>600</width>
		<height>600</height>
		<depth>3</depth>
	</size>
	<segmented>0</segmented>
	<object>
		<name>f</name>
		<pose>Unspecified</pose>
		<truncated>0</truncated>
		<difficult>0</difficult>
		<bndbox>
			<xmin>33</xmin>
			<ymin>215</ymin>
			<xmax>390</xmax>
			<ymax>493</ymax>
		</bndbox>
	</object>
</annotation>
