<annotation>
	<folder>cars_train</folder>
	<filename>00305.jpg</filename>
	<path>/home/xxx/car/cars_train/00305.jpg</path>
	<source>
		<database>Unknown</database>
	</source>
	<size>
		<width>200</width>
		<height>134</height>
		<depth>3</depth>
	</size>
	<segmented>0</segmented>
	<object>
		<name>f</name>
		<pose>Unspecified</pose>
		<truncated>0</truncated>
		<difficult>0</difficult>
		<bndbox>
			<xmin>32</xmin>
			<ymin>52</ymin>
			<xmax>183</xmax>
			<ymax>130</ymax>
		</bndbox>
	</object>
</annotation>
