<annotation>
	<folder>cars_train</folder>
	<filename>00308.jpg</filename>
	<path>/home/xxx/car/cars_train/00308.jpg</path>
	<source>
		<database>Unknown</database>
	</source>
	<size>
		<width>800</width>
		<height>480</height>
		<depth>3</depth>
	</size>
	<segmented>0</segmented>
	<object>
		<name>f</name>
		<pose>Unspecified</pose>
		<truncated>0</truncated>
		<difficult>0</difficult>
		<bndbox>
			<xmin>633</xmin>
			<ymin>245</ymin>
			<xmax>785</xmax>
			<ymax>370</ymax>
		</bndbox>
	</object>
	<object>
		<name>h</name>
		<pose>Unspecified</pose>
		<truncated>0</truncated>
		<difficult>0</difficult>
		<bndbox>
			<xmin>25</xmin>
			<ymin>142</ymin>
			<xmax>210</xmax>
			<ymax>395</ymax>
		</bndbox>
	</object>
</annotation>
