<annotation>
	<folder>cars_train</folder>
	<filename>00309.jpg</filename>
	<path>/home/xxx/car/cars_train/00309.jpg</path>
	<source>
		<database>Unknown</database>
	</source>
	<size>
		<width>640</width>
		<height>480</height>
		<depth>3</depth>
	</size>
	<segmented>0</segmented>
	<object>
		<name>f</name>
		<pose>Unspecified</pose>
		<truncated>0</truncated>
		<difficult>0</difficult>
		<bndbox>
			<xmin>46</xmin>
			<ymin>148</ymin>
			<xmax>216</xmax>
			<ymax>324</ymax>
		</bndbox>
	</object>
	<object>
		<name>h</name>
		<pose>Unspecified</pose>
		<truncated>0</truncated>
		<difficult>0</difficult>
		<bndbox>
			<xmin>527</xmin>
			<ymin>126</ymin>
			<xmax>610</xmax>
			<ymax>344</ymax>
		</bndbox>
	</object>
</annotation>
