<annotation>
	<folder>cars_train</folder>
	<filename>00301.jpg</filename>
	<path>/home/xxx/car/cars_train/00301.jpg</path>
	<source>
		<database>Unknown</database>
	</source>
	<size>
		<width>300</width>
		<height>241</height>
		<depth>3</depth>
	</size>
	<segmented>0</segmented>
	<object>
		<name>f</name>
		<pose>Unspecified</pose>
		<truncated>0</truncated>
		<difficult>0</difficult>
		<bndbox>
			<xmin>35</xmin>
			<ymin>72</ymin>
			<xmax>284</xmax>
			<ymax>206</ymax>
		</bndbox>
	</object>
</annotation>
