<annotation>
	<folder>cars_train</folder>
	<filename>00303.jpg</filename>
	<path>/home/xxx/car/cars_train/00303.jpg</path>
	<source>
		<database>Unknown</database>
	</source>
	<size>
		<width>300</width>
		<height>225</height>
		<depth>3</depth>
	</size>
	<segmented>0</segmented>
	<object>
		<name>f</name>
		<pose>Unspecified</pose>
		<truncated>1</truncated>
		<difficult>0</difficult>
		<bndbox>
			<xmin>202</xmin>
			<ymin>58</ymin>
			<xmax>300</xmax>
			<ymax>146</ymax>
		</bndbox>
	</object>
	<object>
		<name>h</name>
		<pose>Unspecified</pose>
		<truncated>0</truncated>
		<difficult>0</difficult>
		<bndbox>
			<xmin>2</xmin>
			<ymin>77</ymin>
			<xmax>92</xmax>
			<ymax>190</ymax>
		</bndbox>
	</object>
</annotation>
