<annotation>
	<folder>cars_train</folder>
	<filename>00304.jpg</filename>
	<path>/home/xxx/car/cars_train/00304.jpg</path>
	<source>
		<database>Unknown</database>
	</source>
	<size>
		<width>264</width>
		<height>191</height>
		<depth>3</depth>
	</size>
	<segmented>0</segmented>
	<object>
		<name>f</name>
		<pose>Unspecified</pose>
		<truncated>0</truncated>
		<difficult>0</difficult>
		<bndbox>
			<xmin>22</xmin>
			<ymin>74</ymin>
			<xmax>241</xmax>
			<ymax>163</ymax>
		</bndbox>
	</object>
</annotation>
