<annotation>
	<folder>cars_train</folder>
	<filename>00307.jpg</filename>
	<path>/home/xxx/car/cars_train/00307.jpg</path>
	<source>
		<database>Unknown</database>
	</source>
	<size>
		<width>1280</width>
		<height>960</height>
		<depth>3</depth>
	</size>
	<segmented>0</segmented>
	<object>
		<name>h</name>
		<pose>Unspecified</pose>
		<truncated>0</truncated>
		<difficult>0</difficult>
		<bndbox>
			<xmin>158</xmin>
			<ymin>80</ymin>
			<xmax>1205</xmax>
			<ymax>934</ymax>
		</bndbox>
	</object>
</annotation>
