<annotation>
	<folder>cars_train</folder>
	<filename>00310.jpg</filename>
	<path>/home/xxx/car/cars_train/00310.jpg</path>
	<source>
		<database>Unknown</database>
	</source>
	<size>
		<width>424</width>
		<height>360</height>
		<depth>3</depth>
	</size>
	<segmented>0</segmented>
	<object>
		<name>f</name>
		<pose>Unspecified</pose>
		<truncated>0</truncated>
		<difficult>0</difficult>
		<bndbox>
			<xmin>115</xmin>
			<ymin>124</ymin>
			<xmax>408</xmax>
			<ymax>308</ymax>
		</bndbox>
	</object>
	<object>
		<name>h</name>
		<pose>Unspecified</pose>
		<truncated>1</truncated>
		<difficult>0</difficult>
		<bndbox>
			<xmin>372</xmin>
			<ymin>92</ymin>
			<xmax>424</xmax>
			<ymax>131</ymax>
		</bndbox>
	</object>
	<object>
		<name>h</name>
		<pose>Unspecified</pose>
		<truncated>0</truncated>
		<difficult>0</difficult>
		<bndbox>
			<xmin>357</xmin>
			<ymin>95</ymin>
			<xmax>384</xmax>
			<ymax>139</ymax>
		</bndbox>
	</object>
	<object>
		<name>h</name>
		<pose>Unspecified</pose>
		<truncated>0</truncated>
		<difficult>0</difficult>
		<bndbox>
			<xmin>309</xmin>
			<ymin>92</ymin>
			<xmax>351</xmax>
			<ymax>134</ymax>
		</bndbox>
	</object>
</annotation>
