<annotation>
	<folder>cars_train</folder>
	<filename>00312.jpg</filename>
	<path>/home/xxx/car/cars_train/00312.jpg</path>
	<source>
		<database>Unknown</database>
	</source>
	<size>
		<width>640</width>
		<height>480</height>
		<depth>3</depth>
	</size>
	<segmented>0</segmented>
	<object>
		<name>f</name>
		<pose>Unspecified</pose>
		<truncated>0</truncated>
		<difficult>0</difficult>
		<bndbox>
			<xmin>256</xmin>
			<ymin>223</ymin>
			<xmax>616</xmax>
			<ymax>432</ymax>
		</bndbox>
	</object>
	<object>
		<name>h</name>
		<pose>Unspecified</pose>
		<truncated>0</truncated>
		<difficult>0</difficult>
		<bndbox>
			<xmin>8</xmin>
			<ymin>97</ymin>
			<xmax>111</xmax>
			<ymax>164</ymax>
		</bndbox>
	</object>
</annotation>
