<annotation>
	<folder>cars_train</folder>
	<filename>00311.jpg</filename>
	<path>/home/xxx/car/cars_train/00311.jpg</path>
	<source>
		<database>Unknown</database>
	</source>
	<size>
		<width>280</width>
		<height>280</height>
		<depth>3</depth>
	</size>
	<segmented>0</segmented>
	<object>
		<name>f</name>
		<pose>Unspecified</pose>
		<truncated>0</truncated>
		<difficult>0</difficult>
		<bndbox>
			<xmin>5</xmin>
			<ymin>87</ymin>
			<xmax>225</xmax>
			<ymax>240</ymax>
		</bndbox>
	</object>
</annotation>
