<annotation>
	<folder>cars_train</folder>
	<filename>00316.jpg</filename>
	<path>/home/xxx/car/cars_train/00316.jpg</path>
	<source>
		<database>Unknown</database>
	</source>
	<size>
		<width>292</width>
		<height>210</height>
		<depth>3</depth>
	</size>
	<segmented>0</segmented>
	<object>
		<name>f</name>
		<pose>Unspecified</pose>
		<truncated>0</truncated>
		<difficult>0</difficult>
		<bndbox>
			<xmin>20</xmin>
			<ymin>68</ymin>
			<xmax>160</xmax>
			<ymax>184</ymax>
		</bndbox>
	</object>
	<object>
		<name>h</name>
		<pose>Unspecified</pose>
		<truncated>0</truncated>
		<difficult>0</difficult>
		<bndbox>
			<xmin>244</xmin>
			<ymin>48</ymin>
			<xmax>281</xmax>
			<ymax>136</ymax>
		</bndbox>
	</object>
</annotation>
