<annotation>
	<folder>cars_train</folder>
	<filename>00319.jpg</filename>
	<path>/home/xxx/car/cars_train/00319.jpg</path>
	<source>
		<database>Unknown</database>
	</source>
	<size>
		<width>575</width>
		<height>431</height>
		<depth>3</depth>
	</size>
	<segmented>0</segmented>
	<object>
		<name>f</name>
		<pose>Unspecified</pose>
		<truncated>0</truncated>
		<difficult>0</difficult>
		<bndbox>
			<xmin>12</xmin>
			<ymin>160</ymin>
			<xmax>451</xmax>
			<ymax>386</ymax>
		</bndbox>
	</object>
</annotation>
