<annotation>
	<folder>cars_train</folder>
	<filename>00317.jpg</filename>
	<path>/home/xxx/car/cars_train/00317.jpg</path>
	<source>
		<database>Unknown</database>
	</source>
	<size>
		<width>300</width>
		<height>224</height>
		<depth>3</depth>
	</size>
	<segmented>0</segmented>
	<object>
		<name>f</name>
		<pose>Unspecified</pose>
		<truncated>0</truncated>
		<difficult>0</difficult>
		<bndbox>
			<xmin>4</xmin>
			<ymin>47</ymin>
			<xmax>80</xmax>
			<ymax>142</ymax>
		</bndbox>
	</object>
	<object>
		<name>h</name>
		<pose>Unspecified</pose>
		<truncated>0</truncated>
		<difficult>0</difficult>
		<bndbox>
			<xmin>209</xmin>
			<ymin>84</ymin>
			<xmax>297</xmax>
			<ymax>203</ymax>
		</bndbox>
	</object>
</annotation>
