<annotation>
	<folder>cars_train</folder>
	<filename>00318.jpg</filename>
	<path>/home/xxx/car/cars_train/00318.jpg</path>
	<source>
		<database>Unknown</database>
	</source>
	<size>
		<width>625</width>
		<height>416</height>
		<depth>3</depth>
	</size>
	<segmented>0</segmented>
	<object>
		<name>f</name>
		<pose>Unspecified</pose>
		<truncated>0</truncated>
		<difficult>0</difficult>
		<bndbox>
			<xmin>55</xmin>
			<ymin>187</ymin>
			<xmax>405</xmax>
			<ymax>411</ymax>
		</bndbox>
	</object>
</annotation>
