<annotation>
	<folder>cars_train</folder>
	<filename>00324.jpg</filename>
	<path>/home/xxx/car/cars_train/00324.jpg</path>
	<source>
		<database>Unknown</database>
	</source>
	<size>
		<width>210</width>
		<height>131</height>
		<depth>3</depth>
	</size>
	<segmented>0</segmented>
	<object>
		<name>f</name>
		<pose>Unspecified</pose>
		<truncated>0</truncated>
		<difficult>0</difficult>
		<bndbox>
			<xmin>12</xmin>
			<ymin>44</ymin>
			<xmax>127</xmax>
			<ymax>123</ymax>
		</bndbox>
	</object>
	<object>
		<name>h</name>
		<pose>Unspecified</pose>
		<truncated>0</truncated>
		<difficult>0</difficult>
		<bndbox>
			<xmin>175</xmin>
			<ymin>46</ymin>
			<xmax>201</xmax>
			<ymax>113</ymax>
		</bndbox>
	</object>
</annotation>
