<annotation>
	<folder>cars_train</folder>
	<filename>00322.jpg</filename>
	<path>/home/xxx/car/cars_train/00322.jpg</path>
	<source>
		<database>Unknown</database>
	</source>
	<size>
		<width>1024</width>
		<height>768</height>
		<depth>3</depth>
	</size>
	<segmented>0</segmented>
	<object>
		<name>f</name>
		<pose>Unspecified</pose>
		<truncated>0</truncated>
		<difficult>0</difficult>
		<bndbox>
			<xmin>12</xmin>
			<ymin>388</ymin>
			<xmax>379</xmax>
			<ymax>669</ymax>
		</bndbox>
	</object>
	<object>
		<name>h</name>
		<pose>Unspecified</pose>
		<truncated>0</truncated>
		<difficult>0</difficult>
		<bndbox>
			<xmin>846</xmin>
			<ymin>374</ymin>
			<xmax>1005</xmax>
			<ymax>575</ymax>
		</bndbox>
	</object>
</annotation>
