<annotation>
	<folder>cars_train</folder>
	<filename>00326.jpg</filename>
	<path>/home/xxx/car/cars_train/00326.jpg</path>
	<source>
		<database>Unknown</database>
	</source>
	<size>
		<width>450</width>
		<height>261</height>
		<depth>3</depth>
	</size>
	<segmented>0</segmented>
	<object>
		<name>h</name>
		<pose>Unspecified</pose>
		<truncated>0</truncated>
		<difficult>0</difficult>
		<bndbox>
			<xmin>192</xmin>
			<ymin>39</ymin>
			<xmax>425</xmax>
			<ymax>253</ymax>
		</bndbox>
	</object>
</annotation>
