<annotation>
	<folder>cars_train</folder>
	<filename>00327.jpg</filename>
	<path>/home/xxx/car/cars_train/00327.jpg</path>
	<source>
		<database>Unknown</database>
	</source>
	<size>
		<width>550</width>
		<height>366</height>
		<depth>3</depth>
	</size>
	<segmented>0</segmented>
	<object>
		<name>h</name>
		<pose>Unspecified</pose>
		<truncated>1</truncated>
		<difficult>0</difficult>
		<bndbox>
			<xmin>427</xmin>
			<ymin>118</ymin>
			<xmax>550</xmax>
			<ymax>306</ymax>
		</bndbox>
	</object>
</annotation>
