<annotation>
	<folder>cars_train</folder>
	<filename>00328.jpg</filename>
	<path>/home/xxx/car/cars_train/00328.jpg</path>
	<source>
		<database>Unknown</database>
	</source>
	<size>
		<width>300</width>
		<height>199</height>
		<depth>3</depth>
	</size>
	<segmented>0</segmented>
	<object>
		<name>f</name>
		<pose>Unspecified</pose>
		<truncated>0</truncated>
		<difficult>0</difficult>
		<bndbox>
			<xmin>73</xmin>
			<ymin>81</ymin>
			<xmax>267</xmax>
			<ymax>176</ymax>
		</bndbox>
	</object>
</annotation>
