<annotation>
	<folder>cars_train</folder>
	<filename>00329.jpg</filename>
	<path>/home/xxx/car/cars_train/00329.jpg</path>
	<source>
		<database>Unknown</database>
	</source>
	<size>
		<width>700</width>
		<height>500</height>
		<depth>3</depth>
	</size>
	<segmented>0</segmented>
	<object>
		<name>f</name>
		<pose>Unspecified</pose>
		<truncated>0</truncated>
		<difficult>0</difficult>
		<bndbox>
			<xmin>7</xmin>
			<ymin>185</ymin>
			<xmax>396</xmax>
			<ymax>446</ymax>
		</bndbox>
	</object>
</annotation>
