<annotation>
	<folder>cars_train</folder>
	<filename>00323.jpg</filename>
	<path>/home/xxx/car/cars_train/00323.jpg</path>
	<source>
		<database>Unknown</database>
	</source>
	<size>
		<width>800</width>
		<height>536</height>
		<depth>3</depth>
	</size>
	<segmented>0</segmented>
	<object>
		<name>f</name>
		<pose>Unspecified</pose>
		<truncated>0</truncated>
		<difficult>0</difficult>
		<bndbox>
			<xmin>126</xmin>
			<ymin>277</ymin>
			<xmax>324</xmax>
			<ymax>459</ymax>
		</bndbox>
	</object>
	<object>
		<name>h</name>
		<pose>Unspecified</pose>
		<truncated>0</truncated>
		<difficult>0</difficult>
		<bndbox>
			<xmin>527</xmin>
			<ymin>263</ymin>
			<xmax>659</xmax>
			<ymax>434</ymax>
		</bndbox>
	</object>
</annotation>
