<annotation>
	<folder>cars_train</folder>
	<filename>00320.jpg</filename>
	<path>/home/xxx/car/cars_train/00320.jpg</path>
	<source>
		<database>Unknown</database>
	</source>
	<size>
		<width>514</width>
		<height>300</height>
		<depth>3</depth>
	</size>
	<segmented>0</segmented>
	<object>
		<name>f</name>
		<pose>Unspecified</pose>
		<truncated>0</truncated>
		<difficult>0</difficult>
		<bndbox>
			<xmin>22</xmin>
			<ymin>75</ymin>
			<xmax>340</xmax>
			<ymax>271</ymax>
		</bndbox>
	</object>
</annotation>
