<annotation>
	<folder>cars_train</folder>
	<filename>00339.jpg</filename>
	<path>/home/xxx/car/cars_train/00339.jpg</path>
	<source>
		<database>Unknown</database>
	</source>
	<size>
		<width>276</width>
		<height>183</height>
		<depth>3</depth>
	</size>
	<segmented>0</segmented>
	<object>
		<name>h</name>
		<pose>Unspecified</pose>
		<truncated>0</truncated>
		<difficult>0</difficult>
		<bndbox>
			<xmin>18</xmin>
			<ymin>70</ymin>
			<xmax>188</xmax>
			<ymax>163</ymax>
		</bndbox>
	</object>
</annotation>
