<annotation>
	<folder>cars_train</folder>
	<filename>00334.jpg</filename>
	<path>/home/xxx/car/cars_train/00334.jpg</path>
	<source>
		<database>Unknown</database>
	</source>
	<size>
		<width>1440</width>
		<height>900</height>
		<depth>3</depth>
	</size>
	<segmented>0</segmented>
	<object>
		<name>f</name>
		<pose>Unspecified</pose>
		<truncated>0</truncated>
		<difficult>0</difficult>
		<bndbox>
			<xmin>149</xmin>
			<ymin>487</ymin>
			<xmax>960</xmax>
			<ymax>858</ymax>
		</bndbox>
	</object>
	<object>
		<name>h</name>
		<pose>Unspecified</pose>
		<truncated>0</truncated>
		<difficult>0</difficult>
		<bndbox>
			<xmin>1231</xmin>
			<ymin>462</ymin>
			<xmax>1390</xmax>
			<ymax>796</ymax>
		</bndbox>
	</object>
</annotation>
