<annotation>
	<folder>cars_train</folder>
	<filename>00332.jpg</filename>
	<path>/home/xxx/car/cars_train/00332.jpg</path>
	<source>
		<database>Unknown</database>
	</source>
	<size>
		<width>660</width>
		<height>396</height>
		<depth>3</depth>
	</size>
	<segmented>0</segmented>
	<object>
		<name>f</name>
		<pose>Unspecified</pose>
		<truncated>1</truncated>
		<difficult>0</difficult>
		<bndbox>
			<xmin>61</xmin>
			<ymin>272</ymin>
			<xmax>399</xmax>
			<ymax>396</ymax>
		</bndbox>
	</object>
</annotation>
