<annotation>
	<folder>cars_train</folder>
	<filename>00333.jpg</filename>
	<path>/home/xxx/car/cars_train/00333.jpg</path>
	<source>
		<database>Unknown</database>
	</source>
	<size>
		<width>500</width>
		<height>354</height>
		<depth>3</depth>
	</size>
	<segmented>0</segmented>
	<object>
		<name>h</name>
		<pose>Unspecified</pose>
		<truncated>0</truncated>
		<difficult>0</difficult>
		<bndbox>
			<xmin>23</xmin>
			<ymin>159</ymin>
			<xmax>257</xmax>
			<ymax>333</ymax>
		</bndbox>
	</object>
</annotation>
