<annotation>
	<folder>cars_train</folder>
	<filename>00331.jpg</filename>
	<path>/home/xxx/car/cars_train/00331.jpg</path>
	<source>
		<database>Unknown</database>
	</source>
	<size>
		<width>640</width>
		<height>480</height>
		<depth>3</depth>
	</size>
	<segmented>0</segmented>
	<object>
		<name>f</name>
		<pose>Unspecified</pose>
		<truncated>0</truncated>
		<difficult>0</difficult>
		<bndbox>
			<xmin>14</xmin>
			<ymin>180</ymin>
			<xmax>404</xmax>
			<ymax>427</ymax>
		</bndbox>
	</object>
	<object>
		<name>h</name>
		<pose>Unspecified</pose>
		<truncated>0</truncated>
		<difficult>0</difficult>
		<bndbox>
			<xmin>552</xmin>
			<ymin>140</ymin>
			<xmax>631</xmax>
			<ymax>316</ymax>
		</bndbox>
	</object>
</annotation>
