<annotation>
	<folder>cars_train</folder>
	<filename>00338.jpg</filename>
	<path>/home/xxx/car/cars_train/00338.jpg</path>
	<source>
		<database>Unknown</database>
	</source>
	<size>
		<width>480</width>
		<height>360</height>
		<depth>3</depth>
	</size>
	<segmented>0</segmented>
	<object>
		<name>f</name>
		<pose>Unspecified</pose>
		<truncated>0</truncated>
		<difficult>0</difficult>
		<bndbox>
			<xmin>13</xmin>
			<ymin>157</ymin>
			<xmax>242</xmax>
			<ymax>343</ymax>
		</bndbox>
	</object>
	<object>
		<name>h</name>
		<pose>Unspecified</pose>
		<truncated>0</truncated>
		<difficult>0</difficult>
		<bndbox>
			<xmin>389</xmin>
			<ymin>190</ymin>
			<xmax>465</xmax>
			<ymax>272</ymax>
		</bndbox>
	</object>
</annotation>
