<annotation>
	<folder>cars_train</folder>
	<filename>00336.jpg</filename>
	<path>/home/xxx/car/cars_train/00336.jpg</path>
	<source>
		<database>Unknown</database>
	</source>
	<size>
		<width>1920</width>
		<height>1080</height>
		<depth>3</depth>
	</size>
	<segmented>0</segmented>
	<object>
		<name>f</name>
		<pose>Unspecified</pose>
		<truncated>0</truncated>
		<difficult>0</difficult>
		<bndbox>
			<xmin>225</xmin>
			<ymin>659</ymin>
			<xmax>816</xmax>
			<ymax>1042</ymax>
		</bndbox>
	</object>
	<object>
		<name>h</name>
		<pose>Unspecified</pose>
		<truncated>0</truncated>
		<difficult>0</difficult>
		<bndbox>
			<xmin>1378</xmin>
			<ymin>623</ymin>
			<xmax>1838</xmax>
			<ymax>1032</ymax>
		</bndbox>
	</object>
</annotation>
