<annotation>
	<folder>cars_train</folder>
	<filename>00342.jpg</filename>
	<path>/home/xxx/car/cars_train/00342.jpg</path>
	<source>
		<database>Unknown</database>
	</source>
	<size>
		<width>630</width>
		<height>473</height>
		<depth>3</depth>
	</size>
	<segmented>0</segmented>
	<object>
		<name>f</name>
		<pose>Unspecified</pose>
		<truncated>0</truncated>
		<difficult>0</difficult>
		<bndbox>
			<xmin>220</xmin>
			<ymin>257</ymin>
			<xmax>495</xmax>
			<ymax>401</ymax>
		</bndbox>
	</object>
	<object>
		<name>f</name>
		<pose>Unspecified</pose>
		<truncated>0</truncated>
		<difficult>0</difficult>
		<bndbox>
			<xmin>16</xmin>
			<ymin>263</ymin>
			<xmax>160</xmax>
			<ymax>341</ymax>
		</bndbox>
	</object>
</annotation>
