<annotation>
	<folder>cars_train</folder>
	<filename>00345.jpg</filename>
	<path>/home/xxx/car/cars_train/00345.jpg</path>
	<source>
		<database>Unknown</database>
	</source>
	<size>
		<width>259</width>
		<height>194</height>
		<depth>3</depth>
	</size>
	<segmented>0</segmented>
	<object>
		<name>f</name>
		<pose>Unspecified</pose>
		<truncated>0</truncated>
		<difficult>0</difficult>
		<bndbox>
			<xmin>20</xmin>
			<ymin>53</ymin>
			<xmax>251</xmax>
			<ymax>179</ymax>
		</bndbox>
	</object>
</annotation>
