<annotation>
	<folder>cars_train</folder>
	<filename>00344.jpg</filename>
	<path>/home/xxx/car/cars_train/00344.jpg</path>
	<source>
		<database>Unknown</database>
	</source>
	<size>
		<width>800</width>
		<height>537</height>
		<depth>3</depth>
	</size>
	<segmented>0</segmented>
	<object>
		<name>f</name>
		<pose>Unspecified</pose>
		<truncated>0</truncated>
		<difficult>0</difficult>
		<bndbox>
			<xmin>426</xmin>
			<ymin>88</ymin>
			<xmax>779</xmax>
			<ymax>383</ymax>
		</bndbox>
	</object>
</annotation>
