<annotation>
	<folder>cars_train</folder>
	<filename>00348.jpg</filename>
	<path>/home/xxx/car/cars_train/00348.jpg</path>
	<source>
		<database>Unknown</database>
	</source>
	<size>
		<width>540</width>
		<height>295</height>
		<depth>3</depth>
	</size>
	<segmented>0</segmented>
	<object>
		<name>f</name>
		<pose>Unspecified</pose>
		<truncated>0</truncated>
		<difficult>0</difficult>
		<bndbox>
			<xmin>14</xmin>
			<ymin>102</ymin>
			<xmax>352</xmax>
			<ymax>294</ymax>
		</bndbox>
	</object>
	<object>
		<name>h</name>
		<pose>Unspecified</pose>
		<truncated>0</truncated>
		<difficult>0</difficult>
		<bndbox>
			<xmin>464</xmin>
			<ymin>104</ymin>
			<xmax>527</xmax>
			<ymax>248</ymax>
		</bndbox>
	</object>
</annotation>
