<annotation>
	<folder>cars_train</folder>
	<filename>00340.jpg</filename>
	<path>/home/xxx/car/cars_train/00340.jpg</path>
	<source>
		<database>Unknown</database>
	</source>
	<size>
		<width>600</width>
		<height>406</height>
		<depth>3</depth>
	</size>
	<segmented>0</segmented>
	<object>
		<name>f</name>
		<pose>Unspecified</pose>
		<truncated>0</truncated>
		<difficult>0</difficult>
		<bndbox>
			<xmin>107</xmin>
			<ymin>189</ymin>
			<xmax>443</xmax>
			<ymax>320</ymax>
		</bndbox>
	</object>
</annotation>
