<annotation>
	<folder>cars_train</folder>
	<filename>00346.jpg</filename>
	<path>/home/xxx/car/cars_train/00346.jpg</path>
	<source>
		<database>Unknown</database>
	</source>
	<size>
		<width>2992</width>
		<height>2013</height>
		<depth>3</depth>
	</size>
	<segmented>0</segmented>
	<object>
		<name>h</name>
		<pose>Unspecified</pose>
		<truncated>0</truncated>
		<difficult>0</difficult>
		<bndbox>
			<xmin>84</xmin>
			<ymin>557</ymin>
			<xmax>1762</xmax>
			<ymax>1859</ymax>
		</bndbox>
	</object>
</annotation>
