<annotation>
	<folder>cars_train</folder>
	<filename>00349.jpg</filename>
	<path>/home/xxx/car/cars_train/00349.jpg</path>
	<source>
		<database>Unknown</database>
	</source>
	<size>
		<width>1000</width>
		<height>752</height>
		<depth>3</depth>
	</size>
	<segmented>0</segmented>
	<object>
		<name>f</name>
		<pose>Unspecified</pose>
		<truncated>0</truncated>
		<difficult>0</difficult>
		<bndbox>
			<xmin>4</xmin>
			<ymin>251</ymin>
			<xmax>896</xmax>
			<ymax>722</ymax>
		</bndbox>
	</object>
</annotation>
