<annotation>
	<folder>cars_train</folder>
	<filename>00354.jpg</filename>
	<path>/home/xxx/car/cars_train/00354.jpg</path>
	<source>
		<database>Unknown</database>
	</source>
	<size>
		<width>1024</width>
		<height>685</height>
		<depth>3</depth>
	</size>
	<segmented>0</segmented>
	<object>
		<name>f</name>
		<pose>Unspecified</pose>
		<truncated>0</truncated>
		<difficult>0</difficult>
		<bndbox>
			<xmin>73</xmin>
			<ymin>231</ymin>
			<xmax>746</xmax>
			<ymax>638</ymax>
		</bndbox>
	</object>
	<object>
		<name>h</name>
		<pose>Unspecified</pose>
		<truncated>0</truncated>
		<difficult>0</difficult>
		<bndbox>
			<xmin>890</xmin>
			<ymin>308</ymin>
			<xmax>997</xmax>
			<ymax>551</ymax>
		</bndbox>
	</object>
</annotation>
