<annotation>
	<folder>cars_train</folder>
	<filename>00353.jpg</filename>
	<path>/home/xxx/car/cars_train/00353.jpg</path>
	<source>
		<database>Unknown</database>
	</source>
	<size>
		<width>500</width>
		<height>312</height>
		<depth>3</depth>
	</size>
	<segmented>0</segmented>
	<object>
		<name>f</name>
		<pose>Unspecified</pose>
		<truncated>0</truncated>
		<difficult>0</difficult>
		<bndbox>
			<xmin>418</xmin>
			<ymin>114</ymin>
			<xmax>498</xmax>
			<ymax>250</ymax>
		</bndbox>
	</object>
	<object>
		<name>h</name>
		<pose>Unspecified</pose>
		<truncated>0</truncated>
		<difficult>0</difficult>
		<bndbox>
			<xmin>5</xmin>
			<ymin>84</ymin>
			<xmax>191</xmax>
			<ymax>284</ymax>
		</bndbox>
	</object>
</annotation>
