<annotation>
	<folder>cars_train</folder>
	<filename>00356.jpg</filename>
	<path>/home/xxx/car/cars_train/00356.jpg</path>
	<source>
		<database>Unknown</database>
	</source>
	<size>
		<width>1600</width>
		<height>1200</height>
		<depth>3</depth>
	</size>
	<segmented>0</segmented>
	<object>
		<name>h</name>
		<pose>Unspecified</pose>
		<truncated>0</truncated>
		<difficult>0</difficult>
		<bndbox>
			<xmin>556</xmin>
			<ymin>530</ymin>
			<xmax>1423</xmax>
			<ymax>1063</ymax>
		</bndbox>
	</object>
</annotation>
