<annotation>
	<folder>cars_train</folder>
	<filename>00351.jpg</filename>
	<path>/home/xxx/car/cars_train/00351.jpg</path>
	<source>
		<database>Unknown</database>
	</source>
	<size>
		<width>500</width>
		<height>321</height>
		<depth>3</depth>
	</size>
	<segmented>0</segmented>
	<object>
		<name>f</name>
		<pose>Unspecified</pose>
		<truncated>0</truncated>
		<difficult>0</difficult>
		<bndbox>
			<xmin>256</xmin>
			<ymin>151</ymin>
			<xmax>458</xmax>
			<ymax>296</ymax>
		</bndbox>
	</object>
	<object>
		<name>h</name>
		<pose>Unspecified</pose>
		<truncated>0</truncated>
		<difficult>0</difficult>
		<bndbox>
			<xmin>352</xmin>
			<ymin>104</ymin>
			<xmax>398</xmax>
			<ymax>139</ymax>
		</bndbox>
	</object>
	<object>
		<name>h</name>
		<pose>Unspecified</pose>
		<truncated>0</truncated>
		<difficult>0</difficult>
		<bndbox>
			<xmin>476</xmin>
			<ymin>97</ymin>
			<xmax>487</xmax>
			<ymax>125</ymax>
		</bndbox>
	</object>
</annotation>
