<annotation>
	<folder>cars_train</folder>
	<filename>00352.jpg</filename>
	<path>/home/xxx/car/cars_train/00352.jpg</path>
	<source>
		<database>Unknown</database>
	</source>
	<size>
		<width>480</width>
		<height>360</height>
		<depth>3</depth>
	</size>
	<segmented>0</segmented>
	<object>
		<name>f</name>
		<pose>Unspecified</pose>
		<truncated>0</truncated>
		<difficult>0</difficult>
		<bndbox>
			<xmin>115</xmin>
			<ymin>98</ymin>
			<xmax>344</xmax>
			<ymax>241</ymax>
		</bndbox>
	</object>
</annotation>
