<annotation>
	<folder>cars_train</folder>
	<filename>00359.jpg</filename>
	<path>/home/xxx/car/cars_train/00359.jpg</path>
	<source>
		<database>Unknown</database>
	</source>
	<size>
		<width>640</width>
		<height>480</height>
		<depth>3</depth>
	</size>
	<segmented>0</segmented>
	<object>
		<name>f</name>
		<pose>Unspecified</pose>
		<truncated>0</truncated>
		<difficult>0</difficult>
		<bndbox>
			<xmin>32</xmin>
			<ymin>163</ymin>
			<xmax>351</xmax>
			<ymax>384</ymax>
		</bndbox>
	</object>
	<object>
		<name>h</name>
		<pose>Unspecified</pose>
		<truncated>0</truncated>
		<difficult>0</difficult>
		<bndbox>
			<xmin>10</xmin>
			<ymin>151</ymin>
			<xmax>63</xmax>
			<ymax>196</ymax>
		</bndbox>
	</object>
</annotation>
