<annotation>
	<folder>cars_train</folder>
	<filename>00358.jpg</filename>
	<path>/home/xxx/car/cars_train/00358.jpg</path>
	<source>
		<database>Unknown</database>
	</source>
	<size>
		<width>620</width>
		<height>465</height>
		<depth>3</depth>
	</size>
	<segmented>0</segmented>
	<object>
		<name>f</name>
		<pose>Unspecified</pose>
		<truncated>0</truncated>
		<difficult>0</difficult>
		<bndbox>
			<xmin>39</xmin>
			<ymin>159</ymin>
			<xmax>323</xmax>
			<ymax>356</ymax>
		</bndbox>
	</object>
</annotation>
