<annotation>
	<folder>cars_train</folder>
	<filename>00350.jpg</filename>
	<path>/home/xxx/car/cars_train/00350.jpg</path>
	<source>
		<database>Unknown</database>
	</source>
	<size>
		<width>259</width>
		<height>194</height>
		<depth>3</depth>
	</size>
	<segmented>0</segmented>
	<object>
		<name>f</name>
		<pose>Unspecified</pose>
		<truncated>1</truncated>
		<difficult>0</difficult>
		<bndbox>
			<xmin>170</xmin>
			<ymin>65</ymin>
			<xmax>259</xmax>
			<ymax>162</ymax>
		</bndbox>
	</object>
	<object>
		<name>h</name>
		<pose>Unspecified</pose>
		<truncated>0</truncated>
		<difficult>0</difficult>
		<bndbox>
			<xmin>6</xmin>
			<ymin>80</ymin>
			<xmax>39</xmax>
			<ymax>120</ymax>
		</bndbox>
	</object>
</annotation>
