<annotation>
	<folder>cars_train</folder>
	<filename>00368.jpg</filename>
	<path>/home/xxx/car/cars_train/00368.jpg</path>
	<source>
		<database>Unknown</database>
	</source>
	<size>
		<width>320</width>
		<height>240</height>
		<depth>3</depth>
	</size>
	<segmented>0</segmented>
	<object>
		<name>h</name>
		<pose>Unspecified</pose>
		<truncated>0</truncated>
		<difficult>0</difficult>
		<bndbox>
			<xmin>10</xmin>
			<ymin>81</ymin>
			<xmax>76</xmax>
			<ymax>145</ymax>
		</bndbox>
	</object>
</annotation>
