<annotation>
	<folder>cars_train</folder>
	<filename>00367.jpg</filename>
	<path>/home/xxx/car/cars_train/00367.jpg</path>
	<source>
		<database>Unknown</database>
	</source>
	<size>
		<width>630</width>
		<height>420</height>
		<depth>3</depth>
	</size>
	<segmented>0</segmented>
	<object>
		<name>h</name>
		<pose>Unspecified</pose>
		<truncated>1</truncated>
		<difficult>0</difficult>
		<bndbox>
			<xmin>562</xmin>
			<ymin>167</ymin>
			<xmax>630</xmax>
			<ymax>330</ymax>
		</bndbox>
	</object>
</annotation>
