<annotation>
	<folder>cars_train</folder>
	<filename>00365.jpg</filename>
	<path>/home/xxx/car/cars_train/00365.jpg</path>
	<source>
		<database>Unknown</database>
	</source>
	<size>
		<width>666</width>
		<height>500</height>
		<depth>3</depth>
	</size>
	<segmented>0</segmented>
	<object>
		<name>h</name>
		<pose>Unspecified</pose>
		<truncated>0</truncated>
		<difficult>0</difficult>
		<bndbox>
			<xmin>500</xmin>
			<ymin>13</ymin>
			<xmax>663</xmax>
			<ymax>145</ymax>
		</bndbox>
	</object>
</annotation>
