<annotation>
	<folder>cars_train</folder>
	<filename>00362.jpg</filename>
	<path>/home/xxx/car/cars_train/00362.jpg</path>
	<source>
		<database>Unknown</database>
	</source>
	<size>
		<width>640</width>
		<height>480</height>
		<depth>3</depth>
	</size>
	<segmented>0</segmented>
	<object>
		<name>h</name>
		<pose>Unspecified</pose>
		<truncated>0</truncated>
		<difficult>0</difficult>
		<bndbox>
			<xmin>502</xmin>
			<ymin>136</ymin>
			<xmax>554</xmax>
			<ymax>276</ymax>
		</bndbox>
	</object>
</annotation>
